<?xml version="1.0" encoding="utf-8"?>
<window>	
	<allowoverlay>no</allowoverlay>
	<coordinates>
		<system>1</system><posx>0</posx><posy>0</posy>
	</coordinates>	

	<controls>
		<control type="image"><posx>10000</posx><texture>czarny.png</texture></control><control type="image"><posx>10000</posx><texture>czerwony.png</texture></control><control type="image"><posx>10000</posx><texture>default.png</texture></control><control type="image"><posx>10000</posx><texture>default-focus.png</texture></control><control type="image"><posx>10000</posx><texture>default-przypomnienie.png</texture></control><control type="image"><posx>10000</posx><texture>fioletowy.png</texture></control><control type="image"><posx>100000</posx><texture>niebieski.png</texture></control><control type="image"><posx>10000</posx><texture>pomaranczowy.png</texture></control><control type="image"><posx>10000</posx><texture>purpurowy.png</texture></control><control type="image"><posx>10000</posx><texture>seledynowy.png</texture></control><control type="image"><posx>100000</posx><texture>zielony.png</texture></control><control type="image"><posx>10000</posx><texture>zolty.png</texture></control><control type="image"><posx>10000</posx><texture>default.png</texture></control><control type="image"><posx>10000</posx><texture>kolorowy.png</texture></control><control type="image"><posx>10000</posx><texture>srebrnoszary.png</texture></control><control type="image"><posx>10000</posx><texture>kolorowyciemny.png</texture></control><control type="image"><posx>10000</posx><texture>dark.png</texture></control><control type="image"><posx>10000</posx><texture>live.png</texture></control>

		<!-- Background -->
		<control type="image" id="4600">
			<posx>0</posx>
			<posy>0</posy>
			<width>1280</width>
			<height>720</height>
			<texture>tvguide-background-default.jpg</texture>
			<fadetime>100</fadetime>	
			<!--88FFFFFF</colordiffuse>-->
			<animation type="Conditional" condition="Control.IsVisible(5000)">
				<effect type="fade" start="100" end="0" time="100"/>
			</animation>
		</control>

		<control type="image">
			<posx>0</posx>
			<posy>0</posy>
			<width>1280</width>
			<height>720</height>
			<texture>background-layer.png</texture>
			<animation type="Conditional" condition="Control.IsVisible(5000)">
				<effect type="fade" start="100" end="0" time="500"/>
			</animation>
		</control>

		<control type="label" id="5000">
			<description>visibility marker for TV Guide group</description>
		</control>
		<control type="group">
			<description>TV Guide group</description>
			<posx>0</posx>
			<posy>0</posy>
			<width>1280</width>
			<height>720</height>
			<visible>!Control.IsVisible(5000)</visible>

			<control type="button" id="5001">
				<description>marker for EPG data view - should be hidden!</description>
				<posx>160</posx>
				<posy>100</posy>
				<width>1120</width>
				<height>400</height>
				<visible>false</visible>
			</control>

			<!-- Date and time row -->
			<control type="group">
				<posx>0</posx>
				<posy>10</posy>
				<width>1280</width>
				<height>50</height>
				<visible>true</visible>
				<control type="image" id="6110">
					<posx>50</posx>
					<posy>-5</posy>
					<width>50</width>
					<height>50</height>
					<texture>tvguide-logo-epg2.png</texture>
				</control>
				<control type="label" id="6111">
					<description>mTVGuide Title</description>
					<posx>65</posx>
					<posy>0</posy>
					<width>200</width>
					<height>50</height>
					<font>font13_tittle</font>
					<textcolor>white</textcolor>
					<shadowcolor>black</shadowcolor>
					<align>center</align>
					<aligny>center</aligny>
					<label>Program TV</label>
				</control>
				<control type="label" id="4000">
					<description>Displays todays date</description>
					<posx>990</posx>
					<posy>0</posy>
					<width>180</width>
					<height>48</height>
					<font>font14</font>
					<textcolor>white</textcolor>
					<shadowcolor>black</shadowcolor>
					<align>center</align>
					<aligny>center</aligny>
				</control>
				<control type="label" id="4001">
					<description>1st half hour column</description>
					<posx>180</posx>
					<posy>50</posy>
					<width>270</width>
					<height>49</height>
					<textcolor>ffffffff</textcolor>
					<font>font13</font>
					<aligny>center</aligny>
				</control>
				<control type="label" id="4002">
					<description>2nd half hour column</description>
					<posx>455</posx>
					<posy>50</posy>
					<width>270</width>
					<height>49</height>
					<textcolor>ffffffff</textcolor>
					<font>font13</font>
					<aligny>center</aligny>
				</control>
				<control type="label" id="4003">
					<description>3rd half hour column</description>
					<posx>730</posx>
					<posy>50</posy>
					<width>270</width>
					<height>49</height>
					<textcolor>ffffffff</textcolor>
					<font>font13</font>
					<aligny>center</aligny>
				</control>
				<control type="label" id="4004">
					<description>4th half hour column</description>
					<posx>1005</posx>
					<posy>50</posy>
					<width>270</width>
					<height>49</height>
					<textcolor>ffffffff</textcolor>
					<font>font13</font>
					<aligny>center</aligny>
				</control>

				<control type="label" id="4999">
					<description>czas</description>
					<posx>1175</posx>
					<posy>0</posy>
					<width>270</width>
					<height>49</height>
					<aligny>center</aligny>
					<font>font14</font>
					<textcolor>white</textcolor>
					<shadowcolor>black</shadowcolor>
					<label>$INFO[System.Time]</label>
				</control>
			</control>

			<!-- Channels column -->
			<control type="group">
				<posx>0</posx>
				<posy>60</posy>
				<width>180</width>
				<height>452</height>
				<visible>true</visible>

				<!-- text labels -->
				<control type="label" id="4010">
					<description>1st channel</description>
					<posx>10</posx>
					<posy>0</posy>
					<width>166</width>
					<height>40</height>
					<textcolor>ffffffff</textcolor>
					<font>font11</font>
					<align>center</align>
					<aligny>center</aligny>
					<visible>StringCompare(Control.GetLabel(4110),)</visible>
				</control>
				<control type="label" id="4011">
					<description>2nd channel</description>
					<posx>10</posx>
					<posy>41</posy>
					<width>166</width>
					<height>40</height>
					<textcolor>ffffffff</textcolor>
					<font>font13</font>
					<align>center</align>
					<aligny>center</aligny>
					<visible>StringCompare(Control.GetLabel(4111),)</visible>
				</control>
				<control type="label" id="4012">
					<description>3rd channel</description>
					<posx>10</posx>
					<posy>82</posy>
					<width>166</width>
					<height>40</height>
					<textcolor>ffffffff</textcolor>
					<font>font13</font>
					<align>center</align>
					<aligny>center</aligny>
					<visible>StringCompare(Control.GetLabel(4112),)</visible>
				</control>
				<control type="label" id="4013">
					<description>4th channel</description>
					<posx>10</posx>
					<posy>123</posy>
					<width>166</width>
					<height>40</height>
					<textcolor>ffffffff</textcolor>
					<font>font13</font>
					<align>center</align>
					<aligny>center</aligny>
					<visible>StringCompare(Control.GetLabel(4113),)</visible>
				</control>
				<control type="label" id="4014">
					<description>5th channel</description>
					<posx>10</posx>
					<posy>164</posy>
					<width>166</width>
					<height>40</height>
					<textcolor>ffffffff</textcolor>
					<font>font13</font>
					<align>center</align>
					<aligny>center</aligny>
					<visible>StringCompare(Control.GetLabel(4114),)</visible>
				</control>
				<control type="label" id="4015">
					<description>6th channel</description>
					<posx>10</posx>
					<posy>205</posy>
					<width>166</width>
					<height>40</height>
					<textcolor>ffffffff</textcolor>
					<font>font13</font>
					<align>center</align>
					<aligny>center</aligny>
					<visible>StringCompare(Control.GetLabel(4115),)</visible>
				</control>
				<control type="label" id="4016">
					<description>7th channel</description>
					<posx>10</posx>
					<posy>246</posy>
					<width>166</width>
					<height>40</height>
					<textcolor>ffffffff</textcolor>
					<font>font13</font>
					<align>center</align>
					<aligny>center</aligny>
					<visible>StringCompare(Control.GetLabel(4116),)</visible>
				</control>
				<control type="label" id="4017">
					<description>8th channel</description>
					<posx>10</posx>
					<posy>287</posy>
					<width>166</width>
					<height>40</height>
					<textcolor>ffffffff</textcolor>
					<font>font13</font>
					<align>center</align>
					<aligny>center</aligny>
					<visible>StringCompare(Control.GetLabel(4117),)</visible>
				</control>
				<control type="label" id="4018">
					<description>9th channel</description>
					<posx>10</posx>
					<posy>328</posy>
					<width>166</width>
					<height>40</height>
					<textcolor>ffffffff</textcolor>
					<font>font13</font>
					<align>center</align>
					<aligny>center</aligny>
					<visible>StringCompare(Control.GetLabel(4118),)</visible>
				</control>
				<control type="label" id="4019">
					<description>10th channel</description>
					<posx>10</posx>
					<posy>369</posy>
					<width>166</width>
					<height>40</height>
					<textcolor>ffffffff</textcolor>
					<font>font13</font>
					<align>center</align>
					<aligny>center</aligny>
					<visible>StringCompare(Control.GetLabel(4119),)</visible>
				</control>
				<control type="label" id="4020">
					<description>11th channel</description>
					<posx>10</posx>
					<posy>410</posy>
					<width>166</width>
					<height>40</height>
					<textcolor>ffffffff</textcolor>
					<font>font13</font>
					<align>center</align>
					<aligny>center</aligny>
					<visible>StringCompare(Control.GetLabel(4120),)</visible>
				</control>
				<!-- logo images -->
				<control type="image" id="4110">
					<description>1st channel</description>
					<posx>36</posx>
					<posy>40</posy>
					<width>98</width>
					<height>32</height>
					<aspectratio>keep</aspectratio>
					<visible>!StringCompare(Control.GetLabel(4110),)</visible>
				</control>
				<control type="image" id="4111">
					<description>2nd channel</description>
					<posx>36</posx>
					<posy>75</posy>
					<width>98</width>
					<height>32</height>
					<aspectratio>keep</aspectratio>
					<visible>!StringCompare(Control.GetLabel(4111),)</visible>
				</control>
				<control type="image" id="4112">
					<description>3rd channel</description>
					<posx>36</posx>
					<posy>110</posy>
					<width>98</width>
					<height>32</height>
					<aspectratio>keep</aspectratio>
					<visible>!StringCompare(Control.GetLabel(4112),)</visible>
				</control>
				<control type="image" id="4113">
					<description>4th channel</description>
					<posx>36</posx>
					<posy>150</posy>
					<width>98</width>
					<height>32</height>
					<aspectratio>keep</aspectratio>
					<visible>!StringCompare(Control.GetLabel(4113),)</visible>
				</control>
				<control type="image" id="4114">
					<description>5th channel</description>
					<posx>36</posx>
					<posy>185</posy>
					<width>98</width>
					<height>32</height>
					<aspectratio>keep</aspectratio>
					<visible>!StringCompare(Control.GetLabel(4114),)</visible>
				</control>
				<control type="image" id="4115">
					<description>6th channel</description>
					<posx>36</posx>
					<posy>220</posy>
					<width>98</width>
					<height>32</height>
					<aspectratio>keep</aspectratio>
					<visible>!StringCompare(Control.GetLabel(4115),)</visible>
				</control>
				<control type="image" id="4116">
					<description>7th channel</description>
					<posx>36</posx>
					<posy>260</posy>
					<width>98</width>
					<height>32</height>
					<aspectratio>keep</aspectratio>
					<visible>!StringCompare(Control.GetLabel(4116),)</visible>
				</control>
				<control type="image" id="4117">
					<description>8th channel</description>
					<posx>36</posx>
					<posy>295</posy>
					<width>98</width>
					<height>32</height>
					<aspectratio>keep</aspectratio>
					<visible>!StringCompare(Control.GetLabel(4117),)</visible>
				</control>
				<control type="image" id="4118">
					<description>9th channel</description>
					<posx>36</posx>
					<posy>330</posy>
					<width>98</width>
					<height>32</height>
					<aspectratio>keep</aspectratio>
					<visible>!StringCompare(Control.GetLabel(4118),)</visible>
				</control>
				<control type="image" id="4119">
					<description>10th channel</description>
					<posx>36</posx>
					<posy>365</posy>
					<width>98</width>
					<height>32</height>
					<aspectratio>keep</aspectratio>
					<visible>!StringCompare(Control.GetLabel(4119),)</visible>
				</control>
				<control type="image" id="4120">
					<description>11th channel</description>
					<posx>36</posx>
					<posy>405</posy>
					<width>98</width>
					<height>32</height>
					<aspectratio>keep</aspectratio>
					<visible>!StringCompare(Control.GetLabel(4120),)</visible>
				</control>
				<!-- logo buttons -->
				<control type="button" id="9010">
					<description>1st channel</description>
					<posx>0</posx>
					<posy>40</posy>
					<width>160</width>
					<height>30</height>
					<texturefocus>tvguide-program-grey-focus_logo.png</texturefocus>
					<texturenofocus>tvguide-program-grey_logo.png</texturenofocus>
				</control>
				<control type="button" id="9011">
					<description>2nd channel</description>
					<posx>0</posx>
					<posy>76</posy>
					<width>160</width>
					<height>30</height>
					<texturefocus>tvguide-program-grey-focus_logo.png</texturefocus>
					<texturenofocus>tvguide-program-grey_logo.png</texturenofocus>
				</control>
				<control type="button" id="9012">
					<description>3rd channel</description>
					<posx>0</posx>
					<posy>112</posy>
					<width>160</width>
					<height>30</height>
					<texturefocus>tvguide-program-grey-focus_logo.png</texturefocus>
					<texturenofocus>tvguide-program-grey_logo.png</texturenofocus>
				</control>
				<control type="button" id="9013">
					<description>4th channel</description>
					<posx>0</posx>
					<posy>148</posy>
					<width>160</width>
					<height>30</height>
					<texturefocus>tvguide-program-grey-focus_logo.png</texturefocus>
					<texturenofocus>tvguide-program-grey_logo.png</texturenofocus>
				</control>
				<control type="button" id="9014">
					<description>5th channel</description>
					<posx>0</posx>
					<posy>189</posy>
					<width>160</width>
					<height>30</height>
					<texturefocus>tvguide-program-grey-focus_logo.png</texturefocus>
					<texturenofocus>tvguide-program-grey_logo.png</texturenofocus>
				</control>
				<control type="button" id="9015">
					<description>6th channel</description>
					<posx>0</posx>
					<posy>225</posy>
					<width>160</width>
					<height>30</height>
					<texturefocus>tvguide-program-grey-focus_logo.png</texturefocus>
					<texturenofocus>tvguide-program-grey_logo.png</texturenofocus>
				</control>
				<control type="button" id="9016">
					<description>7th channel</description>
					<posx>0</posx>
					<posy>261</posy>
					<width>160</width>
					<height>30</height>
					<texturefocus>tvguide-program-grey-focus_logo.png</texturefocus>
					<texturenofocus>tvguide-program-grey_logo.png</texturenofocus>
				</control>
				<control type="button" id="9017">
					<description>8th channel</description>
					<posx>0</posx>
					<posy>297</posy>
					<width>160</width>
					<height>30</height>
					<texturefocus>tvguide-program-grey-focus_logo.png</texturefocus>
					<texturenofocus>tvguide-program-grey_logo.png</texturenofocus>
				</control>
				<control type="button" id="9018">
					<description>9th channel</description>
					<posx>0</posx>
					<posy>333</posy>
					<width>160</width>
					<height>30</height>
					<texturefocus>tvguide-program-grey-focus_logo.png</texturefocus>
					<texturenofocus>tvguide-program-grey_logo.png</texturenofocus>
				</control>
				<control type="button" id="9019">
					<description>10th channel</description>
					<posx>0</posx>
					<posy>369</posy>
					<width>160</width>
					<height>30</height>
					<texturefocus>tvguide-program-grey-focus_logo.png</texturefocus>
					<texturenofocus>tvguide-program-grey_logo.png</texturenofocus>
				</control>
				<control type="button" id="9020">
					<description>11th channel</description>
					<posx>0</posx>
					<posy>405</posy>
					<width>160</width>
					<height>30</height>
					<texturefocus>tvguide-program-grey-focus_logo.png</texturefocus>
					<texturenofocus>tvguide-program-grey_logo.png</texturenofocus>
				</control>
			</control>

			<control type="label" id="4920">
				<description>Program title</description>
				<posx>280</posx>
				<posy>506</posy>
				<width>440</width>
				<height>50</height>
				<textcolor>ffffffff</textcolor>
				<font>font13</font>
				<aligny>center</aligny>
			</control>
			<control type="image" id="4924">
				<description>Channel logo</description>
				<posx>40</posx>
				<posy>500</posy>
				<width>200</width>
				<height>200</height>
				<aspectratio>keep</aspectratio>
				<fadetime>100</fadetime>
				<visible>true</visible>
			</control>

			<control type="image" id="4944">
				<description>Live</description>
				<posx>180</posx>
				<posy>525</posy>
				<width>80</width>
				<height>18</height>
				<aspectratio>keep</aspectratio>
				<fadetime>100</fadetime>
				<visible>true</visible>
			</control>
			<control type="label" id="4921">
				<description>Program time</description>
				<posx>895</posx>
				<posy>506</posy>
				<width>340</width>
				<height>50</height>
				<textcolor>ffffffff</textcolor>
				<font>font13</font>
				<align>right</align>
				<aligny>center</aligny>
			</control>
			<control type="textbox" id="4922">
				<description>Program description</description>
				<posx>280</posx>
				<posy>550</posy>
				<width>620</width>
				<height>149</height>
				<textcolor>ffffffff</textcolor>
				<align>justify</align>
				<font>font12</font>
				<wrapmultiline>true</wrapmultiline>
				<autoscroll time="3500" delay="4500" repeat="10000">true</autoscroll>
			</control>
			<control type="image" id="4923">
				<description>Program logo / Source logo</description>
				<posx>942</posx>
				<posy>524</posy>
				<width>317</width>
				<height>180</height>
				<aspectratio>stretch</aspectratio>
				<fadetime>100</fadetime>
				<texture>tvguide-logo-epg.png</texture>
				<visible>!Player.Playing</visible>
			</control>
			<control type="label">
				<description>time label</description>
				<posx>1145</posx>
				<posy>595</posy>
				<width>200</width>
				<height>30</height>
				<align>right</align>
				<aligny>center</aligny>
				<font>font45caps_title</font>
				<textcolor>white</textcolor>
				<shadowcolor>black</shadowcolor>
				<label>$INFO[System.Time]</label>
				<visible>False</visible>
			</control>

			<control type="image" id="4100">
				<posx>180</posx>
				<posy>75</posy>
				<width>2</width>
				<height>425</height>
				<texture>tvguide-timebar.png</texture>
			</control>

		</control>
		<!-- panel kontroli mysza - koniec --><!-- id="5000" -->

		<control type="label" id="4200">
			<description>visibility marker for loading group</description>
		</control>
		<control type="group">`
			<posx>340</posx>
			<posy>250</posy>
			<width>600</width>
			<height>55</height>
			<visible>!Control.IsVisible(4200)</visible>
			<animation effect="fade" start="0" end="100" time="250" delay="1500">Visible</animation>

			<control type="image">
				<description>loading splash</description>
				<posx>0</posx>
				<posy>0</posy>
				<width>55</width>
				<height>55</height>
				<texture>tvguide-loading.gif</texture>
			</control>
			<control type="label">
				<description>loading splash</description>
				<posx>70</posx>
				<posy>0</posy>
				<width>600</width>
				<height>55</height>
				<label>$ADDON[script.mtvguide 30001]</label>
				<textcolor>ffffffff</textcolor>
				<font>font30</font>
				<aligny>center</aligny>
			</control>
			<control type="progress" id="4201">
				<posx>70</posx>
				<posy>50</posy>
				<width>580</width>
				<height>2</height>
				<texturebg/>
				<lefttexture/>
				<midtexture>tvguide-white-progress.png</midtexture>
				<righttexture/>
			</control>
			<control type="label" id="4202">
				<description>loading time left</description>
				<posx>70</posx>
				<posy>50</posy>
				<width>600</width>
				<height>50</height>
				<label>...</label>
				<textcolor>ffffffff</textcolor>
				<font>font13</font>
				<aligny>center</aligny>
			</control>
			<control type="button" id="4203">
				<posx>70</posx>
				<posy>100</posy>
				<width>150</width>
				<height>50</height>
				<label>$ADDON[script.mtvguide 30008]</label>
				<textcolor>ffffffff</textcolor>
				<font>font13</font>
				<aligny>center</aligny>
				<align>center</align>
				<texturefocus>tvguide-program-grey-focus.png</texturefocus>
				<texturenofocus>tvguide-program-grey.png</texturenofocus>
			</control>
		</control>

		<!-- panel kontroli mysza - poczatek -->
		<control type="label" id="4300">
			<description>visibility marker for mouse control group</description>
			<posx>0</posx>
			<posy>0</posy>
			<width>30</width>
			<height>40</height>
		</control>
		<control type="group">
			<posx>0</posx>
			<posy>-220</posy>
			<width>1280</width>
			<height>40</height>
			<visible>!Control.IsVisible(5000)</visible>
			<animation effect="slide" start="0,0" end="0,223" time="400">Visible</animation>
			<animation effect="slide" start="0,-50" end="0,0" time="500">Hidden</animation>

			<control type="image">
				<posx>140</posx>
				<posy>-10</posy>
				<width>900</width>
				<height>150</height>
				<texture>nawigator/nav_bg.png</texture>
			</control>

			<control type="button" id="4301">
				<description>teraz</description>
				<posx>265</posx>
				<posy>5</posy>
				<width>80</width>
				<height>70</height>>
				<textcolor>white</textcolor>
				<font>font10_title</font>
				<aligny>center</aligny>
				<align>center</align>
				<texturefocus>nawigator/nav_teraz_over.png</texturefocus>
				<texturenofocus>nawigator/nav_teraz.png</texturenofocus>
			</control>
			<control type="image">
				<posx>335</posx>
				<posy>5</posy>
				<width>1</width>
				<height>45</height>
				<texture>nawigator/divider.png</texture>
			</control>
			<control type="button" id="4302">
				<description>navigate left</description>
				<posx>325</posx>
				<posy>5</posy>
				<width>80</width>
				<height>70</height>
				<textcolor>white</textcolor>
				<font>font10_title</font>
				<aligny>center</aligny>
				<align>center</align>
				<texturefocus>nawigator/nav_left_over.png</texturefocus>
				<texturenofocus>nawigator/nav_left.png</texturenofocus>
			</control>
			<control type="button" id="4307">
				<description>navigate up</description>
				<posx>385</posx>
				<posy>5</posy>
				<width>80</width>
				<height>70</height>
				<textcolor>white</textcolor>
				<font>font10_title</font>
				<aligny>center</aligny>
				<align>center</align>
				<texturefocus>nawigator/nav_top_over.png</texturefocus>
				<texturenofocus>nawigator/nav_top.png</texturenofocus>
			</control>
			<control type="button" id="4308">
				<description>navigate down</description>
				<posx>445</posx>
				<posy>5</posy>
				<width>80</width>
				<height>70</height>
				<textcolor>white</textcolor>
				<font>font10_title</font>
				<aligny>center</aligny>
				<align>center</align>
				<texturefocus>nawigator/nav_down_over.png</texturefocus>
				<texturenofocus>nawigator/nav_down.png</texturenofocus>
			</control>
			<control type="button" id="4305">
				<description>navigate right</description>
				<posx>505</posx>
				<posy>5</posy>
				<width>80</width>
				<height>70</height>
				<textcolor>white</textcolor>
				<font>font10_title</font>
				<aligny>center</aligny>
				<align>center</align>
				<texturefocus>nawigator/nav_right_over.png</texturefocus>
				<texturenofocus>nawigator/nav_right.png</texturenofocus>
			</control>
			<control type="image">
				<posx>575</posx>
				<posy>5</posy>
				<width>1</width>
				<height>45</height>
				<texture>nawigator/divider.png</texture>
			</control>
			<control type="button" id="4302">
				<description>page left</description>
				<posx>565</posx>
				<posy>5</posy>
				<width>80</width>
				<height>70</height>
				<textcolor>white</textcolor>
				<font>font10_title</font>
				<aligny>center</aligny>
				<align>center</align>
				<texturefocus>nawigator/nav_leftp_over.png</texturefocus>
				<texturenofocus>nawigator/nav_leftp.png</texturenofocus>
			</control>
			<control type="button" id="4303">
				<description>page up</description>
				<posx>625</posx>
				<posy>5</posy>
				<width>80</width>
				<height>70</height>
				<textcolor>white</textcolor>
				<font>font10_title</font>
				<aligny>center</aligny>
				<align>center</align>
				<texturefocus>nawigator/nav_topp_over.png</texturefocus>
				<texturenofocus>nawigator/nav_topp.png</texturenofocus>
			</control>
			<control type="button" id="4304">
				<description>page left</description>
				<posx>685</posx>
				<posy>5</posy>
				<width>80</width>
				<height>70</height>
				<textcolor>white</textcolor>
				<font>font10_title</font>
				<aligny>center</aligny>
				<align>center</align>
				<texturefocus>nawigator/nav_bottomp_over.png</texturefocus>
				<texturenofocus>nawigator/nav_bottomp.png</texturenofocus>
			</control>
			<control type="button" id="4305">
				<description>page right</description>
				<posx>745</posx>
				<posy>5</posy>
				<width>80</width>
				<height>70</height>
				<textcolor>white</textcolor>
				<font>font10_title</font>
				<aligny>center</aligny>
				<align>center</align>
				<texturefocus>nawigator/nav_rightp_over.png</texturefocus>
				<texturenofocus>nawigator/nav_rightp.png</texturenofocus>
			</control>
			<control type="image">
				<posx>815</posx>
				<posy>5</posy>
				<width>1</width>
				<height>45</height>
				<texture>nawigator/divider.png</texture>
			</control>
			<control type="button" id="4002">
				<description>reminder</description>
				<posx>805</posx>
				<posy>5</posy>
				<width>80</width>
				<height>70</height>
				<textcolor>white</textcolor>
				<font>font10_title</font>
				<aligny>center</aligny>
				<align>center</align>
				<texturefocus>nawigator/nav_przypomnienie_over.png</texturefocus>
				<texturenofocus>nawigator/nav_przypomnienie.png</texturenofocus>
			</control>
			<control type="image">
				<posx>875</posx>
				<posy>5</posy>
				<width>1</width>
				<height>45</height>
				<texture>nawigator/divider.png</texture>
			</control>
			<control type="button" id="4311">
				<description>ustawienia</description>
				<posx>865</posx>
				<posy>5</posy>
				<width>80</width>
				<height>70</height>
				<textcolor>white</textcolor>
				<font>font10_title</font>
				<aligny>center</aligny>
				<align>center</align>
				<texturefocus>nawigator/nav_ustawienia_over.png</texturefocus>
				<texturenofocus>nawigator/nav_ustawienia.png</texturenofocus>
			</control>
			<control type="image">
				<posx>935</posx>
				<posy>5</posy>
				<width>1</width>
				<height>45</height>
				<texture>nawigator/divider.png</texture>
			</control>
			<control type="button" id="4306">
				<description>exit</description>
				<posx>925</posx>
				<posy>5</posy>
				<width>80</width>
				<height>70</height>
				<textcolor>white</textcolor>
				<font>font10_title</font>
				<aligny>center</aligny>
				<align>center</align>
				<texturefocus>nawigator/nav_exit_over.png</texturefocus>
				<texturenofocus>nawigator/nav_exit.png</texturenofocus>
			</control>
		</control>

		<control type="label" id="6000">
			<description>visibility marker for OSD Info bar</description>
		</control>
		<control type="group">
			<description>OSD Info bar</description>
			<posx>0</posx>
			<posy>500</posy>
			<width>1280</width>
			<height>220</height>
			<visible>!Control.IsVisible(6000)</visible>
			<animation effect="fade" start="0" end="100" time="500">VisibleChange</animation>

			<control type="image">
				<posx>0</posx>
				<posy>0</posy>
				<width>1280</width>
				<height>220</height>
				<texture>tvguide-glasspane.png</texture>
			</control>

			<!-- Program description -->
			<control type="label" id="6001">
				<description>Program title</description>
				<posx>30</posx>
				<posy>10</posy>
				<width>850</width>
				<height>50</height>
				<label>[B]Title[/B]</label>
				<textcolor>ffffffff</textcolor>
				<font>font13</font>
				<aligny>center</aligny>
			</control>
			<control type="label" id="6002">
				<description>Program time</description>
				<posx>1230</posx>
				<posy>10</posy>
				<width>240</width>
				<height>50</height>
				<label>[B]18:00 - 20:00[/B]</label>
				<textcolor>ffffffff</textcolor>
				<font>font13</font>
				<align>right</align>
				<aligny>center</aligny>
			</control>
			<control type="textbox" id="6003">
				<description>Program description</description>
				<posx>30</posx>
				<posy>50</posy>
				<width>1230</width>
				<height>149</height>
				<label>Description</label>
				<textcolor>ffffffff</textcolor>
				<font>font13</font>
				<wrapmultiline>true</wrapmultiline>
				<autoscroll time="3600" delay="6000" repeat="6000">true</autoscroll>
			</control>
			<control type="image" id="6004">
				<description>Program channel logo</description>
				<posx>1100</posx>
				<posy>155</posy>
				<width>160</width>
				<height>45</height>
				<aspectratio>keep</aspectratio>
			</control>
			<control type="label" id="6005">
				<description>Program channel text</description>
				<posx>110</posx>
				<posy>155</posy>
				<width>160</width>
				<height>45</height>
				<textcolor>ffffffff</textcolor>
				<font>font13</font>
				<align>center</align>
				<visible>StringCompare(Control.GetLabel(6004),)</visible>
			</control>
		</control>

		<control type="videowindow">
			<posx>0</posx>
			<posy>0</posy>
			<width>1280</width>
			<height>720</height>
			<animation type="Conditional" condition="!Control.IsVisible(5000)">
				<effect type="zoom" end="25" center="1250,690" time="500"/>
			</animation>
		</control>
	</controls>
</window>