<?xml version="1.0" encoding="utf-8"?>
<window type="dialog">
	<allowoverlay>no</allowoverlay>
	<defaultcontrol always="false">101</defaultcontrol>
	<zorder>3</zorder>
	<coordinates>
		<system>1</system><posx>0</posx><posy>0</posy>
	</coordinates>
		<animation type="WindowOpen" reversible="false">
			<effect type="zoom" start="80" end="100" center="960,540" delay="160" tween="back" time="240" />
			<effect type="fade" delay="160" end="100" time="240" />
		</animation>
		<animation type="WindowClose" reversible="false">
			<effect type="zoom" start="100" end="80" center="960,540" easing="in" tween="back" time="240" />
			<effect type="fade" start="100" end="0" time="240" />
		</animation>
	<controls>
		<control type="label" id="100">
			<description>tabs visibility marker</description>
			<visible>false</visible>
		</control>
		
		<control type="image">
			<posx>0</posx>
			<posy>0</posy>
			<width>1920</width>
			<height>1080</height>
			<texture colordiffuse="9F000000">osd/white.png</texture>
		</control>
		<control type="image">
			<posx>100</posx>
			<posy>140</posy>
			<width>1720</width>
			<height>800</height>
			<texture border="40">dialogs/dialog-bg-solid.png</texture>
		</control>
		<control type="image">
			<posx>428</posx>
			<posy>205</posy>
			<width>1104</width>
			<height>732</height>
			<texture>dialogs/dialog-bg-back.png</texture>
		</control>
		<control type="image">
			<posx>100</posx>
			<posy>140</posy>
			<width>1720</width>
			<height>70</height>
			<texture colordiffuse="FF1788AD">dialogs/dialog-bg-key.png</texture>
		</control>
		<control type="label" id="1">
			<description>header label</description>
			<posx>140</posx>
			<posy>160</posy>
			<width>555</width>
			<height>30</height>
			<font>font20_title</font>
			<label>$ADDON[script.etvguide 30304] - m-TVGuide [COLOR gold][B]EPG[/B][/COLOR]</label>
			<align>left</align>
			<aligny>center</aligny>
			<textcolor>FFF0F0F0</textcolor>
			<shadowcolor>FF000000</shadowcolor>
		</control>
		
		<control type="button" id="1000">
			<description>Close Window button</description>
			<posx>1245</posx>
			<posy>105</posy>
			<width>96</width>
			<height>48</height>
			<onclick>Dialog.Close(all,true)</onclick>
			<onclick>FullScreen</onclick>
			<texturefocus>DialogCloseButton-focus.png</texturefocus>
			<texturenofocus>DialogCloseButton.png</texturenofocus>
			<animation effect="fade" time="200">VisibleChange</animation>
			<visible>false</visible>
		</control>
		
		<control type="button" id="101">
			<posx>120</posx>
			<posy>212</posy>
			<width>318</width>
			<height>118</height>
			<align>center</align>
			<aligny>center</aligny>
			<font>font12_title</font>
			<textcolor>FFF0F0F0</textcolor>
			<shadowcolor>22000000</shadowcolor>
			<focusedcolor>FFF0F0F0</focusedcolor>
			<label>[CAPITALIZE]$ADDON[script.etvguide 30601][/CAPITALIZE]</label>
			<onup>103</onup>
			<ondown>102</ondown>
			<onright>1003</onright>
			<texturefocus colordiffuse="FF12B2E7" border="40">dialogs/dialogbutton-fo.png</texturefocus>
			<texturenofocus colordiffuse="" border="40">dialogs/dialogbutton-nofo.png</texturenofocus>
		</control>
		<control type="button" id="102">
			<posx>120</posx>
			<posy>307</posy>
			<width>318</width>
			<height>118</height>
			<align>center</align>
			<aligny>center</aligny>
			<font>font12_title</font>
			<textcolor>FFF0F0F0</textcolor>
			<shadowcolor>22000000</shadowcolor>
			<focusedcolor>FFF0F0F0</focusedcolor>
			<label>[CAPITALIZE]$ADDON[script.etvguide 30602][/CAPITALIZE]</label>
			<onup>101</onup>
			<ondown>103</ondown>
			<onright>2001</onright>
			<texturefocus colordiffuse="FF12B2E7" border="40">dialogs/dialogbutton-fo.png</texturefocus>
			<texturenofocus colordiffuse="" border="40">dialogs/dialogbutton-nofo.png</texturenofocus>
		</control>
		<control type="button" id="103">
			<posx>120</posx>
			<posy>402</posy>
			<width>318</width>
			<height>118</height>
			<align>center</align>
			<aligny>center</aligny>
			<font>font12_title</font>
			<textcolor>FFF0F0F0</textcolor>
			<shadowcolor>22000000</shadowcolor>
			<focusedcolor>FFF0F0F0</focusedcolor>
			<label>[CAPITALIZE]$ADDON[script.etvguide 30603][/CAPITALIZE]</label>
			<onup>102</onup>
			<ondown>3001</ondown>
			<onright>3002</onright>
			<texturefocus colordiffuse="FF12B2E7" border="40">dialogs/dialogbutton-fo.png</texturefocus>
			<texturenofocus colordiffuse="" border="40">dialogs/dialogbutton-nofo.png</texturenofocus>
		</control>

		<control type="group" id="1000">
			<posx>0</posx>
			<posy>40</posy>
			<width>1920</width>
			<height>1080</height>
			<animation effect="fade" start="0" end="100" delay="160" time="240">WindowOpen</animation>
			<animation effect="fade" start="100" end="0" time="240">WindowClose</animation>
			<visible>StringCompare(Control.GetLabel(100),strm)</visible>

			<control type="textbox">
				<posx>490</posx>
				<posy>252</posy>
				<width>980</width>
				<height>150</height>
				<label>$ADDON[script.etvguide 30611]</label>
				<font>font13</font>
				<align>center</align>
				<textcolor>FFF0F0F0</textcolor>
				<shadowcolor>22000000</shadowcolor>
				<wrapmultiline>true</wrapmultiline>
			</control>

			<control type="button" id="1001">
				<description>Browse</description>
				<posx>1510</posx>
				<posy>395</posy>
				<width>300</width>
				<height>90</height>
				<label>[CAPITALIZE]$ADDON[script.etvguide 30610][/CAPITALIZE]</label>
				<align>center</align>
				<aligny>center</aligny>
				<font>font12_title</font>
				<textcolor>FFF0F0F0</textcolor>
				<shadowcolor>22000000</shadowcolor>
				<focusedcolor>FFF0F0F0</focusedcolor>
				<onup>1002</onup>
				<onleft>101</onleft>
				<texturefocus colordiffuse="FF12B2E7" border="40">dialogs/dialogbutton-fo.png</texturefocus>
				<texturenofocus colordiffuse="" border="40">dialogs/dialogbutton-nofo.png</texturenofocus>
			</control>

			<control type="textbox" id="1005">
				<posx>490</posx>
				<posy>252</posy>
				<width>980</width>
				<height>150</height>
				<wrapmultiline>true</wrapmultiline>
			</control>

			<control type="button" id="1002">
				<description>Preview</description>
				<posx>1510</posx>
				<posy>320</posy>
				<width>300</width>
				<height>90</height>
				<align>center</align>
				<aligny>center</aligny>
				<font>font12_title</font>
				<textcolor>FFF0F0F0</textcolor>
				<shadowcolor>22000000</shadowcolor>
				<focusedcolor>FFF0F0F0</focusedcolor>
				<label>[CAPITALIZE]$ADDON[script.etvguide 30604][/CAPITALIZE]</label>
				<onup>1004</onup>
				<ondown>1001</ondown>
				<onleft>101</onleft>
				<texturefocus colordiffuse="FF12B2E7" border="40">dialogs/dialogbutton-fo.png</texturefocus>
				<texturenofocus colordiffuse="" border="40">dialogs/dialogbutton-nofo.png</texturenofocus>
			</control>
			<control type="button" id="1003">
				<description>Save</description>
				<posx>1510</posx>
				<posy>170</posy>
				<width>300</width>
				<height>90</height>
				<align>center</align>
				<aligny>center</aligny>
				<font>font12_title</font>
				<textcolor>FFF0F0F0</textcolor>
				<shadowcolor>22000000</shadowcolor>
				<focusedcolor>FFF0F0F0</focusedcolor>
				<label>[CAPITALIZE]$ADDON[script.etvguide 30605][/CAPITALIZE]</label>
				<ondown>1004</ondown>
				<onleft>101</onleft>
				<texturefocus colordiffuse="FF12B2E7" border="40">dialogs/dialogbutton-fo.png</texturefocus>
				<texturenofocus colordiffuse="" border="40">dialogs/dialogbutton-nofo.png</texturenofocus>
			</control>
			<control type="button" id="1004">
				<description>Cancel</description>
				<posx>1510</posx>
				<posy>245</posy>
				<width>300</width>
				<height>90</height>
				<align>center</align>
				<aligny>center</aligny>
				<font>font12_title</font>
				<textcolor>FFF0F0F0</textcolor>
				<shadowcolor>22000000</shadowcolor>
				<focusedcolor>FFF0F0F0</focusedcolor>
				<label>[CAPITALIZE]$ADDON[script.etvguide 30606][/CAPITALIZE]</label>
				<onup>1003</onup>
				<ondown>1002</ondown>
				<onleft>101</onleft>		
				<texturefocus colordiffuse="FF12B2E7" border="40">dialogs/dialogbutton-fo.png</texturefocus>
				<texturenofocus colordiffuse="" border="40">dialogs/dialogbutton-nofo.png</texturenofocus>
			</control>
		</control>

		<control type="group" id="2000">
			<posx>0</posx>
			<posy>40</posy>
			<width>1920</width>
			<height>1080</height>
			<visible>StringCompare(Control.GetLabel(100),favourites)</visible>

			<control type="textbox">
				<posx>490</posx>
				<posy>252</posy>
				<width>980</width>
				<height>150</height>
				<label>$ADDON[script.etvguide 30620]</label>
				<font>font13</font>
				<align>center</align>
				<textcolor>FFF0F0F0</textcolor>
				<wrapmultiline>true</wrapmultiline>
			</control>

			<control type="list" id="2001">
				<posx>550</posx>
				<posy>380</posy>
				<width>860</width>
				<height>440</height>
				<viewtype label="list">list</viewtype>
				<orientation>vertical</orientation>
				<focusposition>7</focusposition>
				<onleft>102</onleft>
				<onright>2003</onright>

				<itemlayout width="560" height="40">
					<control type="image">
						<posx>0</posx>
						<posy>0</posy>
						<width>860</width>
						<height>38</height>
						<texture colordiffuse="1F000000">osd/white.png</texture>
					</control>
					<control type="label">
						<posx>56</posx>
						<posy>0</posy>
						<width>860</width>
						<height>38</height>
						<aligny>center</aligny>
						<font>font12</font>
						<textcolor>FFF0F0F0</textcolor>
						<shadowcolor>22000000</shadowcolor>
						<info>ListItem.Label</info>
					</control>
				</itemlayout>
				<focusedlayout width="560" height="40">
					<control type="image">
						<posx>0</posx>
						<posy>0</posy>
						<width>860</width>
						<height>38</height>
						<texture colordiffuse="FF12B2E7">osd/white.png</texture>
						<visible>!Control.HasFocus(3002)</visible>
					</control>
					<control type="image">
						<posx>0</posx>
						<posy>0</posy>
						<width>860</width>
						<height>38</height>
						<texture colordiffuse="FF12B2E7">osd/white.png</texture>
						<visible>Control.HasFocus(3002)</visible>
					</control>
					<control type="label">
						<posx>56</posx>
						<posy>0</posy>
						<width>860</width>
						<height>38</height>
						<aligny>center</aligny>
						<font>font12</font>
						<textcolor>FFF0F0F0</textcolor>
						<shadowcolor>22000000</shadowcolor>
						<info>ListItem.Label</info>
					</control>
					<control type="image">
						<posx>16</posx>
						<posy>9</posy>
						<width>20</width>
						<height>20</height>
						<texture>tvguide-bullet.png</texture>
					</control>
				</focusedlayout>
			</control>

			<control type="button" id="2002">
				<description>Preview</description>
				<posx>1510</posx>
				<posy>320</posy>
				<width>300</width>
				<height>90</height>
				<align>center</align>
				<aligny>center</aligny>
				<font>font12_title</font>
				<textcolor>FFF0F0F0</textcolor>
				<shadowcolor>22000000</shadowcolor>
				<focusedcolor>FFF0F0F0</focusedcolor>
				<label>[CAPITALIZE]$ADDON[script.etvguide 30604][/CAPITALIZE]</label>
				<onup>2004</onup>
				<onleft>2001</onleft>
				<texturefocus colordiffuse="FF12B2E7" border="40">dialogs/dialogbutton-fo.png</texturefocus>
				<texturenofocus colordiffuse="" border="40">dialogs/dialogbutton-nofo.png</texturenofocus>
			</control>
			<control type="button" id="2003">
				<description>Save</description>
				<posx>1510</posx>
				<posy>170</posy>
				<width>300</width>
				<height>90</height>
				<align>center</align>
				<aligny>center</aligny>
				<font>font12_title</font>
				<textcolor>FFF0F0F0</textcolor>
				<shadowcolor>22000000</shadowcolor>
				<focusedcolor>FFF0F0F0</focusedcolor>
				<label>[CAPITALIZE]$ADDON[script.etvguide 30605][/CAPITALIZE]</label>
				<ondown>2004</ondown>
				<onleft>2001</onleft>
				<texturefocus colordiffuse="FF12B2E7" border="40">dialogs/dialogbutton-fo.png</texturefocus>
				<texturenofocus colordiffuse="" border="40">dialogs/dialogbutton-nofo.png</texturenofocus>
			</control>
			<control type="button" id="2004">
				<description>Cancel</description>
				<posx>1510</posx>
				<posy>245</posy>
				<width>300</width>
				<height>90</height>
				<align>center</align>
				<aligny>center</aligny>
				<font>font12_title</font>
				<textcolor>FFF0F0F0</textcolor>
				<shadowcolor>22000000</shadowcolor>
				<focusedcolor>FFF0F0F0</focusedcolor>
				<label>[CAPITALIZE]$ADDON[script.etvguide 30606][/CAPITALIZE]</label>
				<onup>2003</onup>
				<ondown>2002</ondown>
				<onleft>2001</onleft>
				<texturefocus colordiffuse="FF12B2E7" border="40">dialogs/dialogbutton-fo.png</texturefocus>
				<texturenofocus colordiffuse="" border="40">dialogs/dialogbutton-nofo.png</texturenofocus>
			</control>
			
			<control type="videowindow">
				<posx>0</posx>
				<posy>0</posy>
				<width>1920</width>
				<height>1080</height>
			</control>
		</control>

		<control type="group" id="3000">
			<posx>0</posx>
			<posy>-60</posy>
			<width>1920</width>
			<height>1080</height>
			<visible>StringCompare(Control.GetLabel(100),addons)</visible>

			<control type="image">
				<posx>140</posx>
				<posy>780</posy>
				<width>12</width>
				<height>40</height>
				<texture colordiffuse="FFF0F0F0">tvguide-channel-leftarrow.png</texture>
			</control>

			<control type="wraplist" id="3001">
				<posx>175</posx>
				<posy>700</posy>
				<width>212</width>
				<height>212</height>
				<viewtype label="list">list</viewtype>
				<orientation>horizontal</orientation>
				<focusposition>0</focusposition>
				<onup>103</onup>
				<ondown>3002</ondown>

				<itemlayout width="212" height="212">
					<control type="image">
						<posx>0</posx>
						<posy>0</posy>
						<width>212</width>
						<height>212</height>
						<texture colordiffuse="1F000000">osd/white.png</texture>
					</control>
					<control type="image">
						<posx>10</posx>
						<posy>10</posy>
						<width>192</width>
						<height>192</height>
						<info>ListItem.Icon</info>
					</control>
				</itemlayout>
				<focusedlayout width="212" height="212">
					<control type="image">
						<posx>0</posx>
						<posy>0</posy>
						<width>212</width>
						<height>212</height>
						<texture colordiffuse="00FFFFFF">osd/white.png</texture>
						<visible>!Control.HasFocus(3001)</visible>
					</control>
					<control type="image">
						<posx>0</posx>
						<posy>0</posy>
						<width>212</width>
						<height>212</height>
						<texture colordiffuse="FF12B2E7">addon-focus.png</texture>
						<visible>Control.HasFocus(3001)</visible>
					</control>
					<control type="image">
						<posx>10</posx>
						<posy>10</posy>
						<width>192</width>
						<height>192</height>
						<info>ListItem.Icon</info>
					</control>
				</focusedlayout>
			</control>

			<control type="label" id="3003">
				<posx>114</posx>
				<posy>606</posy>
				<width>335</width>
				<height>118</height>
				<align>center</align>
				<aligny>center</aligny>
				<font>font10</font>
				<textcolor>FFF0F0F0</textcolor>
				<shadowcolor>22000000</shadowcolor>
				<focusedcolor>FFF0F0F0</focusedcolor>
				<label>[CAPITALIZE]plugin.video.xxx[/CAPITALIZE]</label>
				<texturefocus colordiffuse="" border="40">dialogs/dialogbutton-nofo.png</texturefocus>
				<texturenofocus colordiffuse="" border="40">dialogs/dialogbutton-nofo.png</texturenofocus>
			</control>
			<control type="textbox" id="3004">
				<posx>490</posx>
				<posy>352</posy>
				<width>980</width>
				<height>150</height>
				<label>description...</label>
				<font>font13</font>
				<align>center</align>
				<textcolor>FFF0F0F0</textcolor>
				<shadowcolor>22000000</shadowcolor>
				<wrapmultiline>true</wrapmultiline>
				<autoscroll time="3600" delay="6000" repeat="6000">true</autoscroll>
			</control>

			<control type="list" id="3002">
				<posx>550</posx>
				<posy>480</posy>
				<width>860</width>
				<height>440</height>
				<viewtype label="list">list</viewtype>
				<orientation>vertical</orientation>
				<focusposition>7</focusposition>
				<onleft>103</onleft>
				<onright>3006</onright>

				<itemlayout width="560" height="40">
					<control type="image">
						<posx>0</posx>
						<posy>0</posy>
						<width>860</width>
						<height>38</height>
						<texture colordiffuse="1F000000">osd/white.png</texture>
					</control>
					<control type="label">
						<posx>56</posx>
						<posy>0</posy>
						<width>860</width>
						<height>38</height>
						<aligny>center</aligny>
						<font>font12</font>
						<textcolor>FFF0F0F0</textcolor>
						<shadowcolor>22000000</shadowcolor>
						<info>ListItem.Label</info>
					</control>
				</itemlayout>
				<focusedlayout width="560" height="40">
					<control type="image">
						<posx>0</posx>
						<posy>0</posy>
						<width>860</width>
						<height>38</height>
						<texture colordiffuse="FF12B2E7">osd/white.png</texture>
						<visible>!Control.HasFocus(3002)</visible>
					</control>
					<control type="image">
						<posx>0</posx>
						<posy>0</posy>
						<width>860</width>
						<height>38</height>
						<texture colordiffuse="FF12B2E7">osd/white.png</texture>
						<visible>Control.HasFocus(3002)</visible>
					</control>
					<control type="label">
						<posx>56</posx>
						<posy>0</posy>
						<width>860</width>
						<height>38</height>
						<aligny>center</aligny>
						<font>font12</font>
						<textcolor>FFF0F0F0</textcolor>
						<shadowcolor>22000000</shadowcolor>
						<info>ListItem.Label</info>
					</control>
					<control type="image">
						<posx>16</posx>
						<posy>9</posy>
						<width>20</width>
						<height>20</height>
						<texture>tvguide-bullet.png</texture>
					</control>
				</focusedlayout>
			</control>

			<control type="button" id="3005">
				<description>Preview</description>
				<posx>1510</posx>
				<posy>420</posy>
				<width>300</width>
				<height>90</height>
				<align>center</align>
				<aligny>center</aligny>
				<font>font12_title</font>
				<textcolor>FFF0F0F0</textcolor>
				<shadowcolor>22000000</shadowcolor>
				<focusedcolor>FFF0F0F0</focusedcolor>
				<label>[CAPITALIZE]$ADDON[script.etvguide 30604][/CAPITALIZE]</label>
				<onup>3007</onup>
				<ondown></ondown>
				<onleft>3002</onleft>
				<texturefocus colordiffuse="FF12B2E7" border="40">dialogs/dialogbutton-fo.png</texturefocus>
				<texturenofocus colordiffuse="" border="40">dialogs/dialogbutton-nofo.png</texturenofocus>
			</control>
			<control type="button" id="3006">
				<description>Save</description>
				<posx>1510</posx>
				<posy>270</posy>
				<width>300</width>
				<height>90</height>
				<align>center</align>
				<aligny>center</aligny>
				<font>font12_title</font>
				<textcolor>FFF0F0F0</textcolor>
				<shadowcolor>22000000</shadowcolor>
				<focusedcolor>FFF0F0F0</focusedcolor>
				<label>[CAPITALIZE]$ADDON[script.etvguide 30605][/CAPITALIZE]</label>
				<ondown>3007</ondown>
				<onleft>3002</onleft>
				<texturefocus colordiffuse="FF12B2E7" border="40">dialogs/dialogbutton-fo.png</texturefocus>
				<texturenofocus colordiffuse="" border="40">dialogs/dialogbutton-nofo.png</texturenofocus>
			</control>
			<control type="button" id="3007">
				<description>Cancel</description>
				<posx>1510</posx>
				<posy>345</posy>
				<width>300</width>
				<height>90</height>
				<align>center</align>
				<aligny>center</aligny>
				<font>font12_title</font>
				<textcolor>FFF0F0F0</textcolor>
				<shadowcolor>22000000</shadowcolor>
				<focusedcolor>FFF0F0F0</focusedcolor>
				<label>[CAPITALIZE]$ADDON[script.etvguide 30606][/CAPITALIZE]</label>
				<onup>3006</onup>
				<ondown>3005</ondown>
				<onleft>3002</onleft>
				<texturefocus colordiffuse="FF12B2E7" border="40">dialogs/dialogbutton-fo.png</texturefocus>
				<texturenofocus colordiffuse="" border="40">dialogs/dialogbutton-nofo.png</texturenofocus>
			</control>
			
			<control type="videowindow">
				<posx>0</posx>
				<posy>60</posy>
				<width>1920</width>
				<height>1080</height>
			</control>
		</control>
	</controls>
</window>