<?xml version="1.0" encoding="utf-8"?>
<window type="dialog">
	<allowoverlay>no</allowoverlay>
	<defaultcontrol always="false">101</defaultcontrol>
	<coordinates>
		<system>1</system><posx>278</posx><posy>68</posy>
	</coordinates>
	<animation effect="fade" start="0" end="100" time="250">WindowOpen</animation>
	<animation effect="fade" start="100" end="0" time="250">WindowClose</animation>
	<controls>
		<control type="label" id="100">
			<description>tabs visibility marker</description>
			<visible>false</visible>
		</control>
		
		<control type="image">
			<top>90</top>
			<left>0</left>
			<width>1365</width>
			<height>765</height>
			<texture border="40">dialogs/dialogback.png</texture>
			<visible>!Control.IsVisible(5000)</visible>
		</control>
		<control type="image">
			<description>Dialog Header image</description>
			<posx>40</posx>
			<posy>106</posy>
			<width>1245</width>
			<height>60</height>
			<texture>dialogs/dialogheader.png</texture>
		</control>
		<control type="label">
			<description>header label</description>
			<posx>40</posx>
			<posy>110</posy>
			<width>1245</width>
			<height>45</height>
			<font>font13_title</font>
			<label>$ADDON[script.etvguide 30304]</label>
			<align>center</align>
			<aligny>center</aligny>
			<textcolor>FFEB9E17</textcolor>
			<shadowcolor>black</shadowcolor>
		</control>
		<control type="button" id="1000">
			<description>Close Window button</description>
			<posx>1245</posx>
			<posy>105</posy>
			<width>96</width>
			<height>48</height>
			<onclick>Dialog.Close(all,true)</onclick>
			<onclick>FullScreen</onclick>
			<texturefocus>DialogCloseButton-focus.png</texturefocus>
			<texturenofocus>DialogCloseButton.png</texturenofocus>
			<animation effect="fade" time="200">VisibleChange</animation>
			<visible>true</visible>
		</control>
		<control type="button" id="101">
			<posx>40</posx>
			<posy>165</posy>
			<width>240</width>
			<height>100</height>
			<align>center</align>
			<aligny>center</aligny>
			<font>font13</font>
			<textcolor>white</textcolor>
			<shadowcolor>black</shadowcolor>
			<label>$ADDON[script.etvguide 30601]</label>
			<onleft>103</onleft>
			<onright>102</onright>
			<ondown>1001</ondown>
			<texturefocus border="40">dialogs/dialogbutton-fo.png</texturefocus>
			<texturenofocus border="40">dialogs/dialogbutton-nofo.png</texturenofocus>
		</control>
		<control type="button" id="102">
			<posx>253</posx>
			<posy>165</posy>
			<width>240</width>
			<height>100</height>
			<align>center</align>
			<aligny>center</aligny>
			<font>font13</font>
			<textcolor>white</textcolor>
			<shadowcolor>black</shadowcolor>
			<label>$ADDON[script.etvguide 30602]</label>
			<onleft>101</onleft>
			<onright>103</onright>
			<ondown>2001</ondown>
			<texturefocus border="40">dialogs/dialogbutton-fo.png</texturefocus>
			<texturenofocus border="40">dialogs/dialogbutton-nofo.png</texturenofocus>
		</control>
		<control type="button" id="103">
			<posx>467</posx>
			<posy>165</posy>
			<width>240</width>
			<height>100</height>
			<align>center</align>
			<aligny>center</aligny>
			<font>font13</font>
			<textcolor>white</textcolor>
			<shadowcolor>black</shadowcolor>
			<label>$ADDON[script.etvguide 30603]</label>
			<onleft>102</onleft>
			<onright>101</onright>
			<ondown>3001</ondown>
			<texturefocus border="40">dialogs/dialogbutton-fo.png</texturefocus>
			<texturenofocus border="40">dialogs/dialogbutton-nofo.png</texturenofocus>
		</control>

		<control type="videowindow">
			<posx>850</posx>
			<posy>280</posy>
			<width>600</width>
			<height>330</height>
		</control>

		<control type="group" id="1000">
			<posx>40</posx>
			<posy>320</posy>
			<width>800</width>
			<height>340</height>
			<visible>StringCompare(Control.GetLabel(100),strm)</visible>

			<control type="textbox">
				<posx>35</posx>
				<posy>-35</posy>
				<width>560</width>
				<height>180</height>
				<label>$ADDON[script.etvguide 30611]</label>
				<font>font13</font>
				<wrapmultiline>true</wrapmultiline>
			</control>

			<control type="button" id="1001">
				<posx>20</posx>
				<posy>265</posy>
				<width>240</width>
				<height>100</height>
				<label>$ADDON[script.etvguide 30610]</label>
				<align>center</align>
				<aligny>center</aligny>
				<font>font13</font>
				<textcolor>white</textcolor>
				<shadowcolor>black</shadowcolor>
				<onup>101</onup>
				<onright>1002</onright>
				<ondown>1002</ondown>
				<texturefocus border="40">dialogs/dialogbutton-fo.png</texturefocus>
				<texturenofocus border="40">dialogs/dialogbutton-nofo.png</texturenofocus>
			</control>

			<control type="textbox" id="1005">
				<posx>20</posx>
				<posy>125</posy>
				<width>560</width>
				<height>100</height>
				<wrapmultiline>true</wrapmultiline>
			</control>

			<control type="button" id="1002">
				<posx>620</posx>
				<posy>420</posy>
				<width>240</width>
				<height>100</height>
				<align>center</align>
				<aligny>center</aligny>
				<font>font13</font>
				<textcolor>white</textcolor>
				<shadowcolor>black</shadowcolor>
				<label>$ADDON[script.etvguide 30604]</label>
				<onup>101</onup>
				<onleft>1001</onleft>
				<onright>1003</onright>
				<texturefocus border="40">dialogs/dialogbutton-fo.png</texturefocus>
				<texturenofocus border="40">dialogs/dialogbutton-nofo.png</texturenofocus>
			</control>
			<control type="button" id="1003">
				<posx>830</posx>
				<posy>420</posy>
				<width>240</width>
				<height>100</height>
				<align>center</align>
				<aligny>center</aligny>
				<font>font13</font>
				<textcolor>white</textcolor>
				<shadowcolor>black</shadowcolor>
				<label>$ADDON[script.etvguide 30605]</label>
				<onup>101</onup>
				<onleft>1002</onleft>
				<onright>1004</onright>
				<texturefocus border="40">dialogs/dialogbutton-fo.png</texturefocus>
				<texturenofocus border="40">dialogs/dialogbutton-nofo.png</texturenofocus>
			</control>
			<control type="button" id="1004">
				<posx>1040</posx>
				<posy>420</posy>
				<width>240</width>
				<height>100</height>
				<align>center</align>
				<aligny>center</aligny>
				<font>font13</font>
				<textcolor>white</textcolor>
				<shadowcolor>black</shadowcolor>
				<label>$ADDON[script.etvguide 30606]</label>
				<onup>101</onup>
				<onleft>1003</onleft>
				<texturefocus border="40">dialogs/dialogbutton-fo.png</texturefocus>
				<texturenofocus border="40">dialogs/dialogbutton-nofo.png</texturenofocus>
			</control>
		</control>

		<control type="group" id="2000">
			<posx>40</posx>
			<posy>320</posy>
			<width>800</width>
			<height>340</height>
			<visible>StringCompare(Control.GetLabel(100),favourites)</visible>

			<control type="textbox">
				<posx>35</posx>
				<posy>-35</posy>
				<width>560</width>
				<height>100</height>
				<label>$ADDON[script.etvguide 30620]</label>
				<font>font13</font>
				<wrapmultiline>true</wrapmultiline>
			</control>

			<control type="list" id="2001">
				<posx>20</posx>
				<posy>40</posy>
				<width>560</width>
				<height>480</height>
				<viewtype label="list">list</viewtype>
				<orientation>vertical</orientation>
				<focusposition>7</focusposition>
				<onleft>102</onleft>
				<onright>2002</onright>

				<itemlayout width="560" height="40">
					<control type="image">
						<posx>0</posx>
						<posy>0</posy>
						<width>560</width>
						<height>38</height>
						<texture>tvguide-program-grey.png</texture>
					</control>
					<control type="label">
						<posx>16</posx>
						<posy>0</posy>
						<width>560</width>
						<height>38</height>
						<aligny>center</aligny>
						<font>font13</font>
						<textcolor>white</textcolor>
						<shadowcolor>black</shadowcolor>
						<info>ListItem.Label</info>
					</control>
				</itemlayout>
				<focusedlayout width="560" height="40">
					<control type="image">
						<posx>0</posx>
						<posy>0</posy>
						<width>560</width>
						<height>38</height>
						<texture>tvguide-program-grey.png</texture>
						<visible>!Control.HasFocus(2001)</visible>
					</control>
					<control type="image">
						<posx>0</posx>
						<posy>0</posy>
						<width>560</width>
						<height>38</height>
						<texture colordiffuse="FF0084FF">tvguide-program-grey-focus.png</texture>
						<visible>Control.HasFocus(2001)</visible>
					</control>
					<control type="label">
						<posx>16</posx>
						<posy>0</posy>
						<width>560</width>
						<height>38</height>
						<aligny>center</aligny>
						<font>font13</font>
						<textcolor>white</textcolor>
						<shadowcolor>black</shadowcolor>
						<info>ListItem.Label</info>
					</control>
					<control type="image">
						<posx>530</posx>
						<posy>9</posy>
						<width>20</width>
						<height>20</height>
						<texture>tvguide-bullet.png</texture>
					</control>
				</focusedlayout>
			</control>

			<control type="button" id="2002">
				<posx>620</posx>
				<posy>420</posy>
				<width>240</width>
				<height>100</height>
				<align>center</align>
				<aligny>center</aligny>
				<font>font13</font>
				<textcolor>white</textcolor>
				<shadowcolor>black</shadowcolor>
				<label>$ADDON[script.etvguide 30604]</label>
				<onup>102</onup>
				<onleft>2001</onleft>
				<onright>2003</onright>
				<texturefocus border="40">dialogs/dialogbutton-fo.png</texturefocus>
				<texturenofocus border="40">dialogs/dialogbutton-nofo.png</texturenofocus>
			</control>
			<control type="button" id="2003">
				<posx>830</posx>
				<posy>420</posy>
				<width>240</width>
				<height>100</height>
				<align>center</align>
				<aligny>center</aligny>
				<font>font13</font>
				<textcolor>white</textcolor>
				<shadowcolor>black</shadowcolor>
				<label>$ADDON[script.etvguide 30605]</label>
				<onup>102</onup>
				<onleft>2002</onleft>
				<onright>2004</onright>
				<texturefocus border="40">dialogs/dialogbutton-fo.png</texturefocus>
				<texturenofocus border="40">dialogs/dialogbutton-nofo.png</texturenofocus>
			</control>
			<control type="button" id="2004">
				<posx>1040</posx>
				<posy>420</posy>
				<width>240</width>
				<height>100</height>
				<align>center</align>
				<aligny>center</aligny>
				<font>font13</font>
				<textcolor>white</textcolor>
				<shadowcolor>black</shadowcolor>
				<label>$ADDON[script.etvguide 30606]</label>
				<onup>102</onup>
				<onleft>2003</onleft>
				<texturefocus border="40">dialogs/dialogbutton-fo.png</texturefocus>
				<texturenofocus border="40">dialogs/dialogbutton-nofo.png</texturenofocus>
			</control>
		</control>

		<control type="group" id="3000">
			<posx>40</posx>
			<posy>320</posy>
			<width>1280</width>
			<height>600</height>
			<visible>StringCompare(Control.GetLabel(100),addons)</visible>

			<control type="image">
				<posx>0</posx>
				<posy>85</posy>
				<width>12</width>
				<height>40</height>
				<texture>tvguide-channel-leftarrow.png</texture>
			</control>

			<control type="wraplist" id="3001">
				<posx>20</posx>
				<posy>-35</posy>
				<width>212</width>
				<height>212</height>
				<viewtype label="list">list</viewtype>
				<orientation>horizontal</orientation>
				<focusposition>0</focusposition>
				<onup>103</onup>
				<ondown>3002</ondown>

				<itemlayout width="212" height="212">
					<control type="image">
						<posx>0</posx>
						<posy>0</posy>
						<width>212</width>
						<height>212</height>
						<texture>tvguide-program-grey.png</texture>
					</control>
					<control type="image">
						<posx>10</posx>
						<posy>10</posy>
						<width>192</width>
						<height>192</height>
						<info>ListItem.Icon</info>
					</control>
				</itemlayout>
				<focusedlayout width="212" height="212">
					<control type="image">
						<posx>0</posx>
						<posy>0</posy>
						<width>212</width>
						<height>212</height>
						<texture>tvguide-program-grey.png</texture>
						<visible>!Control.HasFocus(3001)</visible>
					</control>
					<control type="image">
						<posx>0</posx>
						<posy>0</posy>
						<width>212</width>
						<height>212</height>
						<texture colordiffuse="FF0084FF">addon-focus.png</texture>
						<visible>Control.HasFocus(3001)</visible>
					</control>
					<control type="image">
						<posx>10</posx>
						<posy>10</posy>
						<width>192</width>
						<height>192</height>
						<info>ListItem.Icon</info>
					</control>
				</focusedlayout>
			</control>

			<control type="label" id="3003">
				<posx>250</posx>
				<posy>-35</posy>
				<width>330</width>
				<height>40</height>
				<label>plugin.video.xxx</label>
			</control>
			<control type="textbox" id="3004">
				<posx>250</posx>
				<posy>5</posy>
				<width>330</width>
				<height>124</height>
				<label>description...</label>
				<font>font12</font>
				<wrapmultiline>true</wrapmultiline>
				<autoscroll time="3600" delay="6000" repeat="6000">true</autoscroll>
			</control>

			<control type="list" id="3002">
				<posx>20</posx>
				<posy>200</posy>
				<width>560</width>
				<height>200</height>
				<viewtype label="list">list</viewtype>
				<orientation>vertical</orientation>
				<focusposition>7</focusposition>
				<onleft>3001</onleft>
				<onright>3005</onright>

				<itemlayout width="560" height="40">
					<control type="image">
						<posx>0</posx>
						<posy>0</posy>
						<width>560</width>
						<height>38</height>
						<texture>tvguide-program-grey.png</texture>
					</control>
					<control type="label">
						<posx>16</posx>
						<posy>0</posy>
						<width>560</width>
						<height>38</height>
						<aligny>center</aligny>
						<font>font12</font>
						<textcolor>white</textcolor>
						<shadowcolor>black</shadowcolor>
						<info>ListItem.Label</info>
					</control>
				</itemlayout>
				<focusedlayout width="560" height="40">
					<control type="image">
						<posx>0</posx>
						<posy>0</posy>
						<width>560</width>
						<height>38</height>
						<texture>tvguide-program-grey.png</texture>
						<visible>!Control.HasFocus(3002)</visible>
					</control>
					<control type="image">
						<posx>0</posx>
						<posy>0</posy>
						<width>560</width>
						<height>38</height>
						<texture colordiffuse="FF0084FF">tvguide-program-grey-focus.png</texture>
						<visible>Control.HasFocus(3002)</visible>
					</control>
					<control type="label">
						<posx>16</posx>
						<posy>0</posy>
						<width>560</width>
						<height>38</height>
						<aligny>center</aligny>
						<font>font12</font>
						<textcolor>white</textcolor>
						<shadowcolor>black</shadowcolor>
						<info>ListItem.Label</info>
					</control>
					<control type="image">
						<posx>530</posx>
						<posy>9</posy>
						<width>20</width>
						<height>20</height>
						<texture>tvguide-bullet.png</texture>
					</control>
				</focusedlayout>
			</control>

			<control type="button" id="3005">
				<posx>620</posx>
				<posy>420</posy>
				<width>240</width>
				<height>100</height>
				<align>center</align>
				<aligny>center</aligny>
				<font>font13</font>
				<textcolor>white</textcolor>
				<shadowcolor>black</shadowcolor>
				<label>$ADDON[script.etvguide 30604]</label>
				<onup>103</onup>
				<onleft>3002</onleft>
				<onright>3006</onright>
				<texturefocus border="40">dialogs/dialogbutton-fo.png</texturefocus>
				<texturenofocus border="40">dialogs/dialogbutton-nofo.png</texturenofocus>
			</control>
			<control type="button" id="3006">
				<posx>830</posx>
				<posy>420</posy>
				<width>240</width>
				<height>100</height>
				<align>center</align>
				<aligny>center</aligny>
				<font>font13</font>
				<textcolor>white</textcolor>
				<shadowcolor>black</shadowcolor>
				<label>$ADDON[script.etvguide 30605]</label>
				<onup>103</onup>
				<onleft>3005</onleft>
				<onright>3007</onright>
				<texturefocus border="40">dialogs/dialogbutton-fo.png</texturefocus>
				<texturenofocus border="40">dialogs/dialogbutton-nofo.png</texturenofocus>
			</control>
			<control type="button" id="3007">
				<posx>1040</posx>
				<posy>420</posy>
				<width>240</width>
				<height>100</height>
				<align>center</align>
				<aligny>center</aligny>
				<font>font13</font>
				<textcolor>white</textcolor>
				<shadowcolor>black</shadowcolor>
				<label>$ADDON[script.etvguide 30606]</label>
				<onup>103</onup>
				<onleft>3006</onleft>
				<texturefocus border="40">dialogs/dialogbutton-fo.png</texturefocus>
				<texturenofocus border="40">dialogs/dialogbutton-nofo.png</texturenofocus>
			</control>
		</control>
	</controls>
</window>