<?xml version="1.0" encoding="utf-8"?>
<window type="dialog">
	<allowoverlay>no</allowoverlay>
	<defaultcontrol always="true">6000</defaultcontrol>
	<coordinates>
		<system>1</system><posx>1360</posx><posy>100</posy>
	</coordinates>
	<animation effect="slide" start="560,0" end="0,0" time="250">WindowOpen</animation>
	<animation effect="slide" start="0,0" end="560,0" time="250">WindowClose</animation>
	<controls>
		<control type="label" id="6001"><description>visibility marker for selection box</description></control>

		<control type="image">
			<left>0</left>
			<top>-21</top>
			<width>684</width>
			<height>920</height>
			<texture>dialogs/panel.png</texture>
		</control>

		<control type="group">
			<posx>-630</posx>
			<posy>210</posy>
			<width>560</width>
			<height>38</height>
			<visible>!Control.IsVisible(6001)</visible>
			<animation type="Visible">
				<effect type="slide" start="560,0" end="0,0" time="500"/>
			</animation>
			<animation type="Hidden">
				<effect type="slide" start="0,0" end="560,0" time="500"/>
			</animation>

			<control type="image">
				<posx>0</posx>
				<posy>-150</posy>
				<width>630</width>
				<height>160</height>
				<texture>dialogs/paneldialog.png</texture>
			</control>

			<control type="image">
				<posx>12</posx>
				<posy>-130</posy>
				<width>16</width>
				<height>40</height>
				<texture>tvguide-channel-updownarrow.png</texture>
			</control>
			<control type="image">
				<posx>40</posx>
				<posy>-130</posy>
				<width>500</width>
				<height>38</height>
			</control>
			<control type="button" id="6002">
				<posx>36</posx>
				<posy>-130</posy>
				<width>500</width>
				<height>38</height>
				<aligny>center</aligny>
				<font>font10</font>
				<textcolor>FFF0F0F0</textcolor>
				<label>text</label>
				<texturefocus colordiffuse="FF12B2E7">tvguide-program-grey-focus.png</texturefocus>
				<texturenofocus>tvguide-program-grey.png</texturenofocus>
			</control>
			<control type="label">
				<posx>36</posx>
				<posy>-80</posy>
				<width>600</width>
				<height>60</height>
				<font>font10</font>
				<textcolor>FFF0F0F0</textcolor>
				<label>$ADDON[script.etvguide 30501]</label>
			</control>
		</control>

		<control type="label">
			<posx>20</posx>
			<posy>20</posy>
			<width>520</width>
			<height>40</height>
			<align>center</align>
			<aligny>center</aligny>
			<font>font12</font>
			<textcolor>FF12B2E7</textcolor>
			<label>$ADDON[script.etvguide 30500]</label>
		</control>
		<control type="wraplist" id="6000">
			<posx>20</posx>
			<posy>80</posy>
			<width>520</width>
			<height>560</height>
			<viewtype label="list">list</viewtype>
			<orientation>vertical</orientation>
			<focusposition>0</focusposition>
			<onright>6003</onright>
			<itemlayout width="520" height="40">
				<control type="image">
					<posx>0</posx>
					<posy>0</posy>
					<width>520</width>
					<height>38</height>
					<texture>tvguide-program-grey.png</texture>
				</control>
				<control type="label">
					<posx>16</posx>
					<posy>0</posy>
					<width>450</width>
					<height>38</height>
					<aligny>center</aligny>
					<font>font10</font>
					<textcolor>FFF0F0F0</textcolor>
					<info>ListItem.Label</info>
				</control>
				<control type="image">
					<posx>470</posx>
					<posy>0</posy>
					<width>40</width>
					<height>40</height>
					<info>ListItem.Icon</info>
				</control>
			</itemlayout>
			<focusedlayout width="520" height="40">
				<control type="image">
					<posx>0</posx>
					<posy>0</posy>
					<width>520</width>
					<height>38</height>
					<texture colordiffuse="FF12B2E7">tvguide-program-grey-focus.png</texture>
					<visible>Control.HasFocus(6000)</visible>
				</control>
				<control type="image">
					<posx>8</posx>
					<posy>0</posy>
					<width>12</width>
					<height>40</height>
					<texture>tvguide-channel-leftarrow.png</texture>
				</control>
				<control type="label">
					<posx>16</posx>
					<posy>0</posy>
					<width>450</width>
					<height>38</height>
					<aligny>center</aligny>
					<font>font10</font>
					<textcolor>FFF0F0F0</textcolor>
					<label>[B]$INFO[ListItem.Label][/B]</label>
				</control>
				<control type="image">
					<posx>470</posx>
					<posy>0</posy>
					<width>40</width>
					<height>40</height>
					<info>ListItem.Icon</info>
				</control>
			</focusedlayout>
		</control>

		<control type="button" id="6003">
			<posx>70</posx>
			<posy>640</posy>
			<width>200</width>
			<height>80</height>
			<align>center</align>
			<aligny>center</aligny>
			<font>font10</font>
			<textcolor>FFF0F0F0</textcolor>
			<label>$ADDON[script.etvguide 30502]</label>
			<onleft>6000</onleft>
			<onright>6004</onright>
			<onup>6000</onup>
			<texturefocus border="40" colordiffuse="FF12B2E7">dialogs/dialogbutton-fo.png</texturefocus>
			<texturenofocus border="40">dialogs/dialogbutton-nofo.png</texturenofocus>
		</control>
		<control type="button" id="6004">
			<posx>290</posx>
			<posy>640</posy>
			<width>200</width>
			<height>80</height>
			<align>center</align>
			<aligny>center</aligny>
			<font>font10</font>
			<textcolor>FFF0F0F0</textcolor>
			<label>$ADDON[script.etvguide 30503]</label>
			<onleft>6003</onleft>
			<onright>6000</onright>
			<onup>6000</onup>
			<texturefocus border="40" colordiffuse="FF12B2E7">dialogs/dialogbutton-fo.png</texturefocus>
			<texturenofocus border="40">dialogs/dialogbutton-nofo.png</texturenofocus>
		</control>
	</controls>
</window>