<window>
	<defaultcontrol>-</defaultcontrol>
	<controls>
		<control type="image">
			<description>serwis_bg</description>
			<left>100</left>
			<top>30</top>
			<width>320</width>
			<height>102</height>
			<texture border="40">dialogs/dialogbutton-nofo.png</texture>
			<visible>Control.IsVisible(4940)</visible>
		</control>
		<control type="label" id="4940">
			<description>serwis</description>
			<left>140</left>
			<top>70</top>
			<width>240</width>
			<height>20</height>
			<align>center</align>
			<aligny>center</aligny>
			<font>font20_title</font>
			<textcolor>FFF0F0F0</textcolor>
			<shadowcolor>22000000</shadowcolor>
			<visible>!IsEmpty(Control.GetLabel(4940))</visible>
		</control>
	</controls>
</window>
