<window>
	<zorder>2</zorder>
	<defaultcontrol>-</defaultcontrol>
	<controls>
		<control type="image">
			<description>serwis_bg</description>
			<left>0</left>
			<top>0</top>
			<width>0</width>
			<height>0</height>
			<visible>false</visible>
		</control>
		<control type="label" id="4940">
			<description>serwis</description>
			<left>0%</left>
			<top>6</top>
			<width>1920</width>
			<height>28</height>
			<align>center</align>
			<font>font13_title</font>
			<textcolor>FFF0F0F0</textcolor>
			<shadowcolor>22000000</shadowcolor>
			<animation effect="fade" end="100" time="200" delay="240">WindowOpen</animation>
			<animation effect="fade" time="200" delay="240">VisibleChange</animation>
			<animation effect="fade" start="100" end="0" time="200">WindowClose</animation>
			<visible>!IsEmpty(Control.GetLabel(4940))</visible>
		</control>
	</controls>
</window>
