<?xml version="1.0" encoding="utf-8"?>
<window>
	<zorder>1</zorder>
	<defaultcontrol always="true">1000</defaultcontrol>
	<allowoverlay>no</allowoverlay>
	<coordinates>
		<system>1</system><posx>0</posx><posy>0</posy>
	</coordinates>
		<animation effect="fade" end="100" time="200">WindowOpen</animation>
		<animation effect="fade" time="200">VisibleChange</animation>
		<animation effect="fade" start="100" end="0" time="200">WindowClose</animation>
		<controls>
		<control type="button" id="1000">
			<description>Close Window button</description>
			<top>11</top>
			<left>auto</left>
			<width>48</width>
			<height>48</height>
			<label>-</label>
			<font>-</font>
			<onclick>Dialog.Close(VideoOSD,true)</onclick>
			<onclick>FullScreen</onclick>
			<texturefocus colordiffuse="EEFFFFFF">dialogs/close.png</texturefocus>
			<texturenofocus colordiffuse="EEFFFFFF">dialogs/close.png</texturenofocus>
			<onleft>1000</onleft>
			<onright>1000</onright>
			<onup>100</onup>
			<ondown>100</ondown>
			<animation effect="slide" end="-70,0" time="0" condition="true">Conditional</animation>
			<visible>false</visible>
		</control>
				
		<!-- InfoBar -->
		<control type="image">
			<depth>DepthBars</depth>
			<left>0</left>
			<top>0</top>
			<width>2000</width>
			<height>83</height>
			<texture>dialogs/infobar.png</texture>
			<animation effect="slide" end="0,-90" time="300" tween="sine" easing="inout" condition="Window.IsActive(DialogInfo.xml)">conditional</animation>
			</control>
		<control type="image">
			<depth>DepthBars</depth>
			<left>0</left>
			<top>995</top>
			<width>2000</width>
			<height>85</height>
			<texture flipy="true">dialogs/infobar.png</texture>
			<animation effect="slide" end="0,90" time="300" tween="sine" easing="inout" condition="Window.IsActive(DialogInfo.xml)">conditional</animation>
		</control>
		
		<!-- Menu -->		
		<control type="image">
			<left>0</left>
			<top>9</top>
			<width>80</width>
			<height>80</height>
			<texture colordiffuse="FF12B2E7">dialogs/livetv.png</texture>
			<animation effect="slide" end="0,-90" time="300" tween="sine" easing="inout" condition="Window.IsActive(DialogInfo.xml)">conditional</animation>
		</control>
		
		<control type="image">
			<left>1855</left>
			<top>20</top>
			<height>40</height>
			<width>40</width>
			<texture colordiffuse="FF12B2E7">dialogs/clock.png</texture>
			<animation effect="slide" end="0,-90" time="300" tween="sine" easing="inout" condition="Window.IsActive(DialogInfo.xml)">conditional</animation>
			<aspectratio>keep</aspectratio>
		</control>
			
		<!-- !LiveTV -->
		<control type="group" id="100">
			<posx>0</posx>
			<posy>0</posy>
			<visible>true</visible>
		
		<control type="image">
			<left>10</left>
			<top>790</top>
			<width>1900</width>
			<height>270</height>
			<texture border="40">dialogs/dialogbutton-nofo.png</texture>
		</control>
		
		<control type="label" id="4920">
			<description>Program title</description>
			<posx>86</posx>
			<posy>42</posy>
			<width>645</width>
			<height>28</height>
			<textcolor>FFF0F0F0</textcolor>
			<shadowcolor>22000000</shadowcolor>
			<font>font10</font>
			<aligny>center</aligny>
			<scroll>false</scroll>
			<visible>true</visible>
		</control>
		
		<control type="label" id="4921">
			<description>Program time</description>
			<left>1565</left>
			<posy>42</posy>
			<width min="20" max="275">auto</width>
			<height>28</height>
			<textcolor>FFF0F0F0</textcolor>
			<shadowcolor>22000000</shadowcolor>
			<font>font10</font>
			<align>right</align>
			<aligny>center</aligny>
		</control>
		
		<control type="image" id="4944">
			<description>Live</description>
			<posx>1595</posx>
			<top>46</top>
			<width>80</width>
			<height>22</height>
		</control>
		
		<control type="label">
			<description>Program channel</description>
			<posx>86</posx>
			<posy>6</posy>
			<width>645</width>
			<height>28</height>
			<font>font13_title</font>
			<align>left</align>
			<textcolor>FFF0F0F0</textcolor>
			<shadowcolor>22000000</shadowcolor>
			<label>[UPPERCASE]$INFO[Player.Title][/UPPERCASE]</label>
		</control>
		
		<control type="image" id="4924">
			<description>Channel logo</description>
			<posx>100</posx>
			<top>850</top>
			<width>320</width>
			<height>90</height>
		</control>
		
		<control type="textbox" id="4922">
			<description>Program description</description>
			<posx>520</posx>
			<posy>840</posy>
			<width>725</width>
			<height>96</height>
			<textcolor>FFF0F0F0</textcolor>
			<shadowcolor>22000000</shadowcolor>
			<font>font12</font>
			<align>left</align>
			<wrapmultiline>true</wrapmultiline>
			<autoscroll time="3500" delay="7500" repeat="10000">false</autoscroll>
		</control>

		<control type="image">
			<left>30</left>
			<top>980</top>
			<width>1858</width>
			<height>30</height>
			<texture colordiffuse="FF12B2E7">osd/white70.png</texture>
		</control>
		
		<control type="slider" id="4999">
			<left>30</left>
			<top>970</top>
			<width>1858</width>
			<height>50</height>
			<onup>8010</onup>
			<ondown>650</ondown>
			<controloffsetx>75</controloffsetx>
			<controloffsety>0</controloffsety>
			<texturesliderbar colordiffuse="00FFFFFF">osd/nub_bar.png</texturesliderbar>
			<textureslidernib colordiffuse="FF12B2E7">osd/nub_bar.png</textureslidernib>
			<textureslidernibfocus colordiffuse="00FFFFFF">osd/nub_bar.png</textureslidernibfocus>
			<animation effect="fade" end="100" time="100" delay="0">WindowOpen</animation>
		</control>
		
		<control type="button" id="108">
			<posx>1476</posx>
			<top>834</top>
			<width>74</width>
			<height>74</height>
			<texturefocus colordiffuse="FF12B2E7">buttons/remind.png</texturefocus>
			<texturenofocus colordiffuse="FFF0F0F0">buttons/remind.png</texturenofocus>
			<animation effect="fade" end="100" time="100" delay="0">WindowOpen</animation>
		</control>
		<control type="button" id="107">
			<posx>1476</posx>
			<top>834</top>
			<width>74</width>
			<height>74</height>
			<texturefocus colordiffuse="FF12B2E7">buttons/guide.png</texturefocus>
			<texturenofocus colordiffuse="FFF0F0F0">buttons/guide.png</texturenofocus>
			<animation effect="fade" end="100" time="100" delay="0">WindowOpen</animation>
		</control>
		<control type="button" id="105">
			<posx>1476</posx>
			<top>834</top>
			<width>74</width>
			<height>74</height>
			<texturefocus colordiffuse="FF12B2E7">buttons/play.png</texturefocus>
			<texturenofocus>buttons/play.png</texturenofocus>
			<animation effect="fade" end="100" time="100" delay="0">WindowOpen</animation>
		</control>
		<control type="button" id="101">
			<posx>1476</posx>
			<top>834</top>
			<width>74</width>
			<height>74</height>
			<texturefocus colordiffuse="FF12B2E7">buttons/stop.png</texturefocus>
			<texturenofocus>buttons/stop.png</texturenofocus>
			<animation effect="fade" end="100" time="100" delay="0">WindowOpen</animation>
		</control>
		<control type="button" id="102">
			<posx>1582</posx>
			<top>834</top>
			<width>74</width>
			<height>74</height>
			<texturefocus colordiffuse="FF12B2E7">buttons/information.png</texturefocus>
			<texturenofocus>buttons/information.png</texturenofocus>
			<animation effect="fade" end="100" time="100" delay="0">WindowOpen</animation>
		</control>
		<control type="button" id="106">
			<posx>1688</posx>
			<top>834</top>
			<width>74</width>
			<height>74</height>
			<texturefocus colordiffuse="FF12B2E7">buttons/settings.png</texturefocus>
			<texturenofocus>buttons/settings.png</texturenofocus>
			<animation effect="fade" end="100" time="100" delay="0">WindowOpen</animation>
		</control>
		<control type="button" id="103">
			<posx>1264</posx>
			<top>834</top>
			<width>74</width>
			<height>74</height>
			<texturefocus colordiffuse="FF12B2E7">buttons/previous.png</texturefocus>
			<texturenofocus>buttons/previous.png</texturenofocus>
			<animation effect="fade" end="100" time="100" delay="0">WindowOpen</animation>
		</control>
		<control type="button" id="104">
			<posx>1370</posx>
			<top>834</top>
			<width>74</width>
			<height>74</height>
			<texturefocus colordiffuse="FF12B2E7">buttons/next.png</texturefocus>
			<texturenofocus>buttons/next.png</texturenofocus>
			<animation effect="fade" end="100" time="100" delay="0">WindowOpen</animation>
		</control>
		
		<control type="grouplist">
			<left>1685</left>
			<posy>16</posy>
			<width>1920</width>
			<height>1080</height>
			<itemgap>40</itemgap>
			<orientation>horizontal</orientation>
			<align>left</align>
	
		<control type="label">
			<description>Time</description>
			<posx>0</posx>
			<posy>0</posy>
			<width min="20" max="150">auto</width>
			<height>24</height>
			<font>font13_title</font>
			<textcolor>FFF0F0F0</textcolor>
			<align>right</align>
			<aligny>center</aligny>
			<label>$INFO[System.Time]</label>
			<animation effect="slide" end="0,-90" time="300" tween="sine" easing="inout" condition="Window.IsActive(DialogInfo.xml)">conditional</animation>
		</control>
	</control>
</control>
</controls>
</window>