<?xml version="1.0" encoding="utf-8"?>
<window type="dialog">
	<allowoverlay>no</allowoverlay>
	<coordinates>
		<system>1</system><posx>26</posx><posy>0</posy>
	</coordinates>
	<animation effect="slide" start="280,0" end="0,0" time="250">WindowOpen</animation>
	<animation effect="slide" start="0,0" end="280,0" time="250">WindowClose</animation>
	<include>dialogeffect</include>
	<controls>
		<control type="group">
			<include>VisibleFadeEffect</include>
			<control type="image">
				<description>Dialog</description>
				<left>1464</left>
				<top>79</top>
				<width>484</width>
				<height>920</height>
				<texture border="22">dialogs/panel.png</texture>
			</control>
			<control type="label" id="4920">
				<description>Program info</description>
				<left>1490</left>
				<top>120</top>
				<width>300</width>
				<height>20</height>
				<font>font12_title</font>
				<textcolor>FFF0F0F0</textcolor>
				<align>left</align>
				<aligny>center</aligny>	
				<shadowcolor>22000000</shadowcolor>
			</control>
			<control type="button" id="1000">
				<description>Close Window button</description>
				<posx>830</posx>
				<posy>15</posy>
				<width>64</width>
				<height>32</height>
				<onclick>Dialog.Close(VideoOSD,true)</onclick>
				<onclick>FullScreen</onclick>
				<texturefocus></texturefocus>
				<texturenofocus></texturenofocus>
				<visible>true</visible>
			</control>
			<control type="image" id="4924">
				<description>Channel logo</description>
				<posx>1575</posx>
				<posy>85</posy>
				<width>240</width>
				<height>120</height>
				<aspectratio>keep</aspectratio>
				<fadetime>100</fadetime>
				<visible>false</visible>
			</control>
			<control type="image" id="4944">
				<description>Live</description>
				<left>1650</left>
				<top>149</top>
				<width>100</width>
				<height>43</height>
				<aspectratio>keep</aspectratio>
				<fadetime>100</fadetime>
			</control>
			<control type="label" id="4921">
				<description>Program time</description>
				<left>1490</left>
				<top>160</top>
				<width>175</width>
				<height>20</height>
				<textcolor>FFF0F0F0</textcolor>
				<shadowcolor>22000000</shadowcolor>
				<font>font12_title</font>
				<align>left</align>
				<aligny>center</aligny>	
			</control>
			<control type="textbox" id="4922">
				<description>Program description</description>
				<left>1490</left>
				<top>200</top>
				<width>365</width>
				<height>756</height>
				<textcolor>FFF0F0F0</textcolor>
				<font>font10</font>
				<align>left</align>
				<autoscroll time="3500" delay="2500" repeat="10000">true</autoscroll>
			</control>
			<control type="label" id="4921">
				<description>Program time</description>
				<posx>440</posx>
				<posy>600</posy>
				<width>140</width>
				<height>20</height>
				<textcolor>FFF0F0F0</textcolor>
				<shadowcolor>22000000</shadowcolor>
				<font>font10</font>
				<align>right</align>
				<aligny>center</aligny>	
			</control>
			<control type="image" id="4923">
				<description>Program logo</description>
				<left>1490</left>
				<top>725</top>
				<width>380</width>
				<height>230</height>
				<aspectratio>stretch</aspectratio>
				<fadetime>100</fadetime>
				<texture>tvguide-logo-epg.png</texture>
				<visible>false</visible>
			</control>
		</control>
	</controls>
</window>