<?xml version="1.0" encoding="utf-8"?>
<window type="dialog">
	<allowoverlay>no</allowoverlay>
	<defaultcontrol always="false">101</defaultcontrol>
	<coordinates>
		<system>1</system><posx>0</posx><posy>0</posy>
	</coordinates>
	<animation effect="fade" start="0" end="100" time="250">WindowOpen</animation>
	<animation effect="fade" start="100" end="0" time="250">WindowClose</animation>
	<controls>
		<control type="label" id="100">
			<description>tabs visibility marker</description>
			<visible>false</visible>
		</control>

		<!-- Background -->
		<control type="image" id="4600">
			<posx>0</posx>
			<posy>0</posy>
			<width>1920</width>
			<height>1080</height>
			<texture>tvguide-background-default.jpg</texture>
			<visible>!Control.IsVisible(5000)</visible>
			<!--<colordiffuse>FF000000</colordiffuse>-->
		</control>
		
		<!-- InfoBar -->
		<control type="image">
			<depth>DepthBars</depth>
			<left>0</left>
			<top>0</top>
			<width>2000</width>
			<height>83</height>
			<texture>dialogs/infobar.png</texture>
			<visible>!Control.IsVisible(5000)</visible>
			</control>
		<control type="image">
			<depth>DepthBars</depth>
			<left>0</left>
			<top>995</top>
			<width>2000</width>
			<height>85</height>
			<texture flipy="true">dialogs/infobar.png</texture>
			<visible>!Control.IsVisible(5000)</visible>
		</control>
		
		<control type="image">
			<left>60</left>
			<top>20</top>
			<aspectratio>keep</aspectratio>
			<width>192</width>
			<height>36</height>
			<texture>dialogs/logo-text.png</texture>
		</control>
		
		<control type="image">
			<left>20</left>
			<top>10</top>
			<aspectratio>keep</aspectratio>
			<width>56</width>
			<height>56</height>
			<texture colordiffuse="FF12B2E7">dialogs/logo.png</texture>
		</control>
		
		<control type="image">
			<left>1855</left>
			<top>20</top>
			<height>40</height>
			<width>40</width>
			<texture colordiffuse="FF12B2E7">dialogs/clock.png</texture>
			<aspectratio>keep</aspectratio>
		</control>
		
				<control type="label">
					<description>Time</description>
					<top>-22</top>
					<right>85</right>
					<width>500</width>
					<height>100</height>
					<align>right</align>
					<font>font13_title</font>
					<textcolor>FFF0F0F0</textcolor>
					<align>right</align>
					<aligny>center</aligny>
					<label>$INFO[System.Time]</label>
				</control>
			
				<control type="label">
					<description>Date label</description>
					<left>805</left>
					<top>21</top>
					<height>70</height>
					<width>1050</width>
					<align>right</align>
					<aligny>center</aligny>
					<textoffsetx>15</textoffsetx>
					<font>font10</font>
					<textcolor>FFF0F0F0</textcolor>
					<label>$INFO[System.Date]</label>
				</control>

		<control type="button" id="101">
			<posx>60</posx>
			<posy>240</posy>
			<width>200</width>
			<height>80</height>
			<align>center</align>
			<aligny>center</aligny>
			<font>font10</font>
			<textcolor>FFF0F0F0</textcolor>
			<label>$ADDON[script.etvguide 30601]</label>
			<onleft>103</onleft>
			<onright>102</onright>
			<ondown>1001</ondown>
			<texturefocus border="40" colordiffuse="FF12B2E7">dialogs/dialogbutton-fo.png</texturefocus>
			<texturenofocus border="40">dialogs/dialogbutton-nofo.png</texturenofocus>
		</control>
		<control type="button" id="102">
			<posx>253</posx>
			<posy>240</posy>
			<width>200</width>
			<height>80</height>
			<align>center</align>
			<aligny>center</aligny>
			<font>font10</font>
			<textcolor>FFF0F0F0</textcolor>
			<label>$ADDON[script.etvguide 30602]</label>
			<onleft>101</onleft>
			<onright>103</onright>
			<ondown>2001</ondown>
			<texturefocus border="40" colordiffuse="FF12B2E7">dialogs/dialogbutton-fo.png</texturefocus>
			<texturenofocus border="40">dialogs/dialogbutton-nofo.png</texturenofocus>
		</control>
		<control type="button" id="103">
			<posx>447</posx>
			<posy>240</posy>
			<width>200</width>
			<height>80</height>
			<align>center</align>
			<aligny>center</aligny>
			<font>font10</font>
			<textcolor>FFF0F0F0</textcolor>
			<label>$ADDON[script.etvguide 30603]</label>
			<onleft>102</onleft>
			<onright>101</onright>
			<ondown>3001</ondown>
			<texturefocus border="40" colordiffuse="FF12B2E7">dialogs/dialogbutton-fo.png</texturefocus>
			<texturenofocus border="40">dialogs/dialogbutton-nofo.png</texturenofocus>
		</control>

		<control type="videowindow">
			<posx>850</posx>
			<posy>280</posy>
			<width>600</width>
			<height>330</height>
		</control>

		<control type="group" id="1000">
			<posx>40</posx>
			<posy>320</posy>
			<width>800</width>
			<height>340</height>
			<visible>StringCompare(Control.GetLabel(100),strm)</visible>

			<control type="textbox">
				<posx>35</posx>
				<posy>0</posy>
				<width>560</width>
				<height>180</height>
				<label>$ADDON[script.etvguide 30611]</label>
				<font>font10</font>
				<wrapmultiline>true</wrapmultiline>
			</control>

			<control type="button" id="1001">
				<posx>20</posx>
				<posy>300</posy>
				<width>200</width>
				<height>80</height>
				<label>$ADDON[script.etvguide 30610]</label>
				<align>center</align>
				<aligny>center</aligny>
				<font>font10</font>
				<textcolor>FFF0F0F0</textcolor>
				<onup>101</onup>
				<onright>1002</onright>
				<ondown>1002</ondown>
				<texturefocus border="40" colordiffuse="FF12B2E7">dialogs/dialogbutton-fo.png</texturefocus>
				<texturenofocus border="40">dialogs/dialogbutton-nofo.png</texturenofocus>
			</control>

			<control type="textbox" id="1005">
				<posx>20</posx>
				<posy>160</posy>
				<width>560</width>
				<height>80</height>
				<wrapmultiline>true</wrapmultiline>
			</control>

			<control type="button" id="1002">
				<posx>640</posx>
				<posy>515</posy>
				<width>200</width>
				<height>80</height>
				<align>center</align>
				<aligny>center</aligny>
				<font>font10</font>
				<textcolor>FFF0F0F0</textcolor>
				<label>$ADDON[script.etvguide 30604]</label>
				<onup>101</onup>
				<onleft>1001</onleft>
				<onright>1003</onright>
				<texturefocus border="40" colordiffuse="FF12B2E7">dialogs/dialogbutton-fo.png</texturefocus>
				<texturenofocus border="40">dialogs/dialogbutton-nofo.png</texturenofocus>
			</control>
			<control type="button" id="1003">
				<posx>830</posx>
				<posy>515</posy>
				<width>200</width>
				<height>80</height>
				<align>center</align>
				<aligny>center</aligny>
				<font>font10</font>
				<textcolor>FFF0F0F0</textcolor>
				<label>$ADDON[script.etvguide 30605]</label>
				<onup>101</onup>
				<onleft>1002</onleft>
				<onright>1004</onright>
				<texturefocus border="40" colordiffuse="FF12B2E7">dialogs/dialogbutton-fo.png</texturefocus>
				<texturenofocus border="40">dialogs/dialogbutton-nofo.png</texturenofocus>
			</control>
			<control type="button" id="1004">
				<posx>1020</posx>
				<posy>515</posy>
				<width>200</width>
				<height>80</height>
				<align>center</align>
				<aligny>center</aligny>
				<font>font10</font>
				<textcolor>FFF0F0F0</textcolor>
				<label>$ADDON[script.etvguide 30606]</label>
				<onup>101</onup>
				<onleft>1003</onleft>
				<texturefocus border="40" colordiffuse="FF12B2E7">dialogs/dialogbutton-fo.png</texturefocus>
				<texturenofocus border="40">dialogs/dialogbutton-nofo.png</texturenofocus>
			</control>
		</control>

		<control type="group" id="2000">
			<posx>40</posx>
			<posy>320</posy>
			<width>800</width>
			<height>340</height>
			<visible>StringCompare(Control.GetLabel(100),favourites)</visible>

			<control type="textbox">
				<posx>35</posx>
				<posy>0</posy>
				<width>560</width>
				<height>80</height>
				<label>$ADDON[script.etvguide 30620]</label>
				<font>font10</font>
				<wrapmultiline>true</wrapmultiline>
			</control>

			<control type="list" id="2001">
				<posx>20</posx>
				<posy>75</posy>
				<width>560</width>
				<height>480</height>
				<viewtype label="list">list</viewtype>
				<orientation>vertical</orientation>
				<focusposition>7</focusposition>
				<onleft>102</onleft>
				<onright>2002</onright>

				<itemlayout width="560" height="40">
					<control type="image">
						<posx>0</posx>
						<posy>0</posy>
						<width>560</width>
						<height>38</height>
						<texture>tvguide-program-grey.png</texture>
					</control>
					<control type="label">
						<posx>16</posx>
						<posy>0</posy>
						<width>560</width>
						<height>38</height>
						<aligny>center</aligny>
						<font>font10</font>
						<textcolor>FFF0F0F0</textcolor>
						<info>ListItem.Label</info>
					</control>
				</itemlayout>
				<focusedlayout width="560" height="40">
					<control type="image">
						<posx>0</posx>
						<posy>0</posy>
						<width>560</width>
						<height>38</height>
						<texture>tvguide-program-grey.png</texture>
						<visible>!Control.HasFocus(2001)</visible>
					</control>
					<control type="image">
						<posx>0</posx>
						<posy>0</posy>
						<width>560</width>
						<height>38</height>
						<texture colordiffuse="FF12B2E7">tvguide-program-grey-focus.png</texture>
						<visible>Control.HasFocus(2001)</visible>
					</control>
					<control type="label">
						<posx>16</posx>
						<posy>0</posy>
						<width>560</width>
						<height>38</height>
						<aligny>center</aligny>
						<font>font10</font>
						<textcolor>FFF0F0F0</textcolor>
						<info>ListItem.Label</info>
					</control>
					<control type="image">
						<posx>530</posx>
						<posy>9</posy>
						<width>20</width>
						<height>20</height>
						<texture>tvguide-bullet.png</texture>
					</control>
				</focusedlayout>
			</control>

			<control type="button" id="2002">
				<posx>640</posx>
				<posy>515</posy>
				<width>200</width>
				<height>80</height>
				<align>center</align>
				<aligny>center</aligny>
				<font>font10</font>
				<textcolor>FFF0F0F0</textcolor>
				<label>$ADDON[script.etvguide 30604]</label>
				<onup>102</onup>
				<onleft>2001</onleft>
				<onright>2003</onright>
				<texturefocus border="40" colordiffuse="FF12B2E7">dialogs/dialogbutton-fo.png</texturefocus>
				<texturenofocus border="40">dialogs/dialogbutton-nofo.png</texturenofocus>
			</control>
			<control type="button" id="2003">
				<posx>830</posx>
				<posy>515</posy>
				<width>200</width>
				<height>80</height>
				<align>center</align>
				<aligny>center</aligny>
				<font>font10</font>
				<textcolor>FFF0F0F0</textcolor>
				<label>$ADDON[script.etvguide 30605]</label>
				<onup>102</onup>
				<onleft>2002</onleft>
				<onright>2004</onright>
				<texturefocus border="40" colordiffuse="FF12B2E7">dialogs/dialogbutton-fo.png</texturefocus>
				<texturenofocus border="40">dialogs/dialogbutton-nofo.png</texturenofocus>
			</control>
			<control type="button" id="2004">
				<posx>1020</posx>
				<posy>515</posy>
				<width>200</width>
				<height>80</height>
				<align>center</align>
				<aligny>center</aligny>
				<font>font10</font>
				<textcolor>FFF0F0F0</textcolor>
				<label>$ADDON[script.etvguide 30606]</label>
				<onup>102</onup>
				<onleft>2003</onleft>
				<texturefocus border="40" colordiffuse="FF12B2E7">dialogs/dialogbutton-fo.png</texturefocus>
				<texturenofocus border="40">dialogs/dialogbutton-nofo.png</texturenofocus>
			</control>
		</control>

		<control type="group" id="3000">
			<posx>40</posx>
			<posy>320</posy>
			<width>1280</width>
			<height>600</height>
			<visible>StringCompare(Control.GetLabel(100),addons)</visible>

			<control type="image">
				<posx>0</posx>
				<posy>85</posy>
				<width>12</width>
				<height>40</height>
				<texture>tvguide-channel-leftarrow.png</texture>
			</control>

			<control type="wraplist" id="3001">
				<posx>20</posx>
				<posy>0</posy>
				<width>212</width>
				<height>212</height>
				<viewtype label="list">list</viewtype>
				<orientation>horizontal</orientation>
				<focusposition>0</focusposition>
				<onup>103</onup>
				<ondown>3002</ondown>

				<itemlayout width="212" height="212">
					<control type="image">
						<posx>0</posx>
						<posy>0</posy>
						<width>212</width>
						<height>212</height>
						<texture>tvguide-program-grey.png</texture>
					</control>
					<control type="image">
						<posx>10</posx>
						<posy>10</posy>
						<width>192</width>
						<height>192</height>
						<info>ListItem.Icon</info>
					</control>
				</itemlayout>
				<focusedlayout width="212" height="212">
					<control type="image">
						<posx>0</posx>
						<posy>0</posy>
						<width>212</width>
						<height>212</height>
						<texture>tvguide-program-grey.png</texture>
						<visible>!Control.HasFocus(3001)</visible>
					</control>
					<control type="image">
						<posx>0</posx>
						<posy>0</posy>
						<width>212</width>
						<height>212</height>
						<texture colordiffuse="FF12B2E7">addon-focus.png</texture>
						<visible>Control.HasFocus(3001)</visible>
					</control>
					<control type="image">
						<posx>10</posx>
						<posy>10</posy>
						<width>192</width>
						<height>192</height>
						<info>ListItem.Icon</info>
					</control>
				</focusedlayout>
			</control>

			<control type="label" id="3003">
				<posx>250</posx>
				<posy>0</posy>
				<width>330</width>
				<height>40</height>
				<label>plugin.video.xxx</label>
			</control>
			<control type="textbox" id="3004">
				<posx>250</posx>
				<posy>40</posy>
				<width>330</width>
				<height>116</height>
				<label>description...</label>
				<font>font10</font>
				<wrapmultiline>true</wrapmultiline>
				<autoscroll time="3600" delay="6000" repeat="6000">true</autoscroll>
			</control>

			<control type="list" id="3002">
				<posx>20</posx>
				<posy>235</posy>
				<width>560</width>
				<height>320</height>
				<viewtype label="list">list</viewtype>
				<orientation>vertical</orientation>
				<focusposition>7</focusposition>
				<onleft>3001</onleft>
				<onright>3005</onright>

				<itemlayout width="560" height="40">
					<control type="image">
						<posx>0</posx>
						<posy>0</posy>
						<width>560</width>
						<height>38</height>
						<texture>tvguide-program-grey.png</texture>
					</control>
					<control type="label">
						<posx>16</posx>
						<posy>0</posy>
						<width>560</width>
						<height>38</height>
						<aligny>center</aligny>
						<font>font10</font>
						<textcolor>FFF0F0F0</textcolor>
						<info>ListItem.Label</info>
					</control>
				</itemlayout>
				<focusedlayout width="560" height="40">
					<control type="image">
						<posx>0</posx>
						<posy>0</posy>
						<width>560</width>
						<height>38</height>
						<texture>tvguide-program-grey.png</texture>
						<visible>!Control.HasFocus(3002)</visible>
					</control>
					<control type="image">
						<posx>0</posx>
						<posy>0</posy>
						<width>560</width>
						<height>38</height>
						<texture colordiffuse="FF12B2E7">tvguide-program-grey-focus.png</texture>
						<visible>Control.HasFocus(3002)</visible>
					</control>
					<control type="label">
						<posx>16</posx>
						<posy>0</posy>
						<width>560</width>
						<height>38</height>
						<aligny>center</aligny>
						<font>font10</font>
						<textcolor>FFF0F0F0</textcolor>
						<info>ListItem.Label</info>
					</control>
					<control type="image">
						<posx>530</posx>
						<posy>9</posy>
						<width>20</width>
						<height>20</height>
						<texture>tvguide-bullet.png</texture>
					</control>
				</focusedlayout>
			</control>

			<control type="button" id="3005">
				<posx>640</posx>
				<posy>515</posy>
				<width>200</width>
				<height>80</height>
				<align>center</align>
				<aligny>center</aligny>
				<font>font10</font>
				<textcolor>FFF0F0F0</textcolor>
				<label>$ADDON[script.etvguide 30604]</label>
				<onup>103</onup>
				<onleft>3002</onleft>
				<onright>3006</onright>
				<texturefocus border="40" colordiffuse="FF12B2E7">dialogs/dialogbutton-fo.png</texturefocus>
				<texturenofocus border="40">dialogs/dialogbutton-nofo.png</texturenofocus>
			</control>
			<control type="button" id="3006">
				<posx>830</posx>
				<posy>515</posy>
				<width>200</width>
				<height>80</height>
				<align>center</align>
				<aligny>center</aligny>
				<font>font10</font>
				<textcolor>FFF0F0F0</textcolor>
				<label>$ADDON[script.etvguide 30605]</label>
				<onup>103</onup>
				<onleft>3005</onleft>
				<onright>3007</onright>
				<texturefocus border="40" colordiffuse="FF12B2E7">dialogs/dialogbutton-fo.png</texturefocus>
				<texturenofocus border="40">dialogs/dialogbutton-nofo.png</texturenofocus>
			</control>
			<control type="button" id="3007">
				<posx>1020</posx>
				<posy>515</posy>
				<width>200</width>
				<height>80</height>
				<align>center</align>
				<aligny>center</aligny>
				<font>font10</font>
				<textcolor>FFF0F0F0</textcolor>
				<label>$ADDON[script.etvguide 30606]</label>
				<onup>103</onup>
				<onleft>3006</onleft>
				<texturefocus border="40" colordiffuse="FF12B2E7">dialogs/dialogbutton-fo.png</texturefocus>
				<texturenofocus border="40">dialogs/dialogbutton-nofo.png</texturenofocus>
			</control>
		</control>
	</controls>
</window>