<?xml version="1.0" encoding="utf-8"?>
<window type="dialog">
	<allowoverlay>no</allowoverlay>
	<defaultcontrol always="false">4000</defaultcontrol>
	<coordinates>
		<system>1</system><posx>1575</posx><posy>120</posy>
	</coordinates>
	<animation effect="slide" start="280,0" end="0,0" time="250">WindowOpen</animation>
	<animation effect="slide" start="0,0" end="280,0" time="250">WindowClose</animation>
	<controls>
		<control type="image">
			<left>-85</left>
			<top>-41</top>
			<width>484</width>
			<height>920</height>
			<texture>dialogs/panel.png</texture>
		</control>

		<control type="label">
			<posx>20</posx>
			<posy>310</posy>
			<width>240</width>
			<height>200</height>
			<font>font10</font>
			<textcolor>FFF0F0F0</textcolor>
			<label>$ADDON[script.etvguide 30305]</label>
			<wrapmultiline>true</wrapmultiline>
		</control>
		
		<control type="image" id="4100">
			<posx>20</posx>
			<posy>20</posy>
			<width>240</width>
			<height>80</height>
			<aspectratio>keep</aspectratio>
		</control>
		<control type="label" id="4101">
			<posx>20</posx>
			<posy>50</posy>
			<width>240</width>
			<height>50</height>
			<align>center</align>
			<aligny>center</aligny>
			<font>font10</font>
			<textcolor>FFF0F0F0</textcolor>
		</control>
		
		<!-- Play -->
		<control type="button" id="4000">
			<posx>20</posx>
			<posy>240</posy>
			<width>240</width>
			<height>80</height>
			<onup>4004</onup>
			<ondown>4001</ondown>
			<align>center</align>
			<aligny>center</aligny>
			<font>font10</font>
			<textcolor>FFF0F0F0</textcolor>
			<visible>false</visible>
		</control>
		
		<control type="label" id="4102">
			<posx>20</posx>
			<posy>130</posy>
			<width>240</width>
			<height>50</height>
			<align>center</align>
			<aligny>center</aligny>
			<font>font13</font>
			<textcolor>FF12B2E7</textcolor>
		</control>
		
		<control type="label" id="4103">
			<posx>20</posx>
			<posy>170</posy>
			<width>240</width>
			<height>50</height>
			<align>center</align>
			<aligny>center</aligny>
			<font>font10</font>
			<textcolor>FFF0F0F0</textcolor>
		</control>
		
		<!-- Remaind me / not -->
		<control type="button" id="4002"> 
			<posx>20</posx>
			<posy>410</posy>
			<width>240</width>
			<height>80</height>
			<onup>4001</onup>
			<ondown>4006</ondown>
			<align>center</align>
			<aligny>center</aligny>
			<font>font10</font>
			<textcolor>FFF0F0F0</textcolor>
			<texturefocus border="40" colordiffuse="FF12B2E7">dialogs/dialogbutton-fo.png</texturefocus>
			<texturenofocus border="40">dialogs/dialogbutton-nofo.png</texturenofocus>
		</control>

		<!-- Button Add/Remove Strm -->
		<control type="button" id="4001">
			<posx>20</posx>
			<posy>220</posy>
			<width>240</width>
			<height>80</height>
			<onup>4000</onup>
			<ondown>4002</ondown>
			<align>center</align>
			<aligny>center</aligny>
			<font>font10</font>
			<textcolor>FFF0F0F0</textcolor>
			<label>$ADDON[script.etvguide 30304]</label>
			<texturefocus border="40" colordiffuse="FF12B2E7">dialogs/dialogbutton-fo.png</texturefocus>
			<texturenofocus border="40">dialogs/dialogbutton-nofo.png</texturenofocus>
		</control>
		
				<!-- Channels -->
		<control type="button" id="4003">
			<posx>20</posx>
			<posy>530</posy>
			<width>240</width>
			<height>80</height>
			<onup>4006</onup>
			<ondown>4005</ondown>
			<align>center</align>
			<aligny>center</aligny>
			<font>font10</font>
			<textcolor>FFF0F0F0</textcolor>
			<label>$ADDON[script.etvguide 30307]</label>
			<texturefocus border="40" colordiffuse="FF12B2E7">dialogs/dialogbutton-fo.png</texturefocus>
			<texturenofocus border="40">dialogs/dialogbutton-nofo.png</texturenofocus>
		</control>

				<!-- Exit -->
		<control type="button" id="4004">
			<posx>20</posx>
			<posy>650</posy>
			<width>240</width>
			<height>80</height>
			<onup>4005</onup>
			<ondown>4000</ondown>
			<align>center</align>
			<aligny>center</aligny>
			<font>font10</font>
			<textcolor>FFF0F0F0</textcolor>
			<label>$ADDON[script.etvguide 30308]</label>
			<texturefocus border="40" colordiffuse="FF12B2E7">dialogs/dialogbutton-fo.png</texturefocus>
			<texturenofocus border="40">dialogs/dialogbutton-nofo.png</texturenofocus>
		</control>
		
				<!-- Settings -->
		<control type="button" id="4005">
			<posx>20</posx>
			<posy>590</posy>
			<width>240</width>
			<height>80</height>
			<onup>4003</onup>
			<ondown>4004</ondown>
			<align>center</align>
			<aligny>center</aligny>
			<font>font10</font>
			<textcolor>FFF0F0F0</textcolor>
			<label>$LOCALIZE[33063]</label>
			<onclick>Addon.OpenSettings(script.etvguide)</onclick>
			<texturefocus border="40" colordiffuse="FF12B2E7">dialogs/dialogbutton-fo.png</texturefocus>
			<texturenofocus border="40">dialogs/dialogbutton-nofo.png</texturenofocus>
		</control>
		
				<!-- Recordings -->
		<control type="button" id="4006"> 
			<posx>20</posx>
			<posy>470</posy>
			<width>240</width>
			<height>80</height>
			<onup>4002</onup>
			<ondown>4003</ondown>
			<align>center</align>
			<aligny>center</aligny>
			<font>font10</font>
			<textcolor>FFF0F0F0</textcolor>
			<label>$LOCALIZE[19017]</label>
			<onclick>ActivateWindow(Videos,sources://video/ ,return)</onclick>
			<texturefocus border="40" colordiffuse="FF12B2E7">dialogs/dialogbutton-fo.png</texturefocus>
			<texturenofocus border="40">dialogs/dialogbutton-nofo.png</texturenofocus>
		</control>
	</controls>
</window>
