<?xml version="1.0" encoding="utf-8"?>
<window>
	<defaultcontrol always="true">1000</defaultcontrol>
	<allowoverlay>no</allowoverlay>
	<coordinates>
		<system>1</system><posx>0</posx><posy>0</posy>
	</coordinates>
		<animation effect="fade" end="100" time="200">WindowOpen</animation>
		<animation effect="fade" time="200">VisibleChange</animation>
		<animation effect="fade" start="100" end="0" time="200">WindowClose</animation>
	<include>dialogeffect</include>
		<controls>
				<control type="button" id="1000">
					<description>Close Window button</description>
					<top>11</top>
					<left>auto</left>
					<width>48</width>
					<height>48</height>
					<label>-</label>
					<font>-</font>
					<onclick>Dialog.Close(VideoOSD,true)</onclick>
					<onclick>FullScreen</onclick>
					<texturefocus colordiffuse="EEFFFFFF">dialogs/close.png</texturefocus>
					<texturenofocus colordiffuse="EEFFFFFF">dialogs/close.png</texturenofocus>
					<onleft>1000</onleft>
					<onright>1000</onright>
					<onup>100</onup>
					<ondown>100</ondown>
					<animation effect="slide" end="-70,0" time="0" condition="true">Conditional</animation>
					<visible>true</visible>
				</control>
			
		<!-- !LiveTV -->
				<control type="group" id="100">
					<include>VisibleFadeEffect</include>
					<posx>0</posx>
					<posy>0</posy>
					<visible>true</visible>
				
				<control type="image">
					<left>10</left>
					<top>790</top>
					<width>1900</width>
					<height>270</height>
					<texture border="40">dialogs/dialogbutton-nofo.png</texture>
				</control>
				
				<control type="image">
					<left>1500</left>
					<top>30</top>
					<width>320</width>
					<height>102</height>
					<texture border="40">dialogs/dialogbutton-nofo.png</texture>
				</control>
			
				<control type="label">
					<description>Time</description>
					<left>1290</left>
					<top>816</top>
					<width>530</width>
					<height>70</height>
					<font>font_MainMenu</font>
					<textcolor>FFF0F0F0</textcolor>
					<shadowcolor>22000000</shadowcolor>
					<align>right</align>
					<aligny>center</aligny>
					<label>$INFO[System.Time]</label>
					<visible>true</visible>
				</control>
			
				<control type="label">
					<description>Date label</description>
					<right>300</right>
					<top>830</top>
					<height>70</height>
					<width>1050</width>
					<align>right</align>
					<aligny>center</aligny>
					<textoffsetx>15</textoffsetx>
					<font>font12</font>
					<textcolor>FFF0F0F0</textcolor>
					<shadowcolor>22000000</shadowcolor>
					<label>[B]$INFO[System.Date][/B]</label>
					<visible>true</visible>
				</control>
				
				<control type="label" id="4920">
					<description>Program title</description>
					<left>500</left>
					<top>852</top>
					<width>500</width>
					<height>20</height>
					<textcolor>FFF0F0F0</textcolor>
					<shadowcolor>22000000</shadowcolor>
					<font>font20</font>
					<aligny>center</aligny>
					<scroll>false</scroll>
					<visible>true</visible>
				</control>
				
				<control type="label" id="4921">
					<description>Program time</description>
					<left>500</left>
					<top>890</top>
					<width>248</width>
					<height>20</height>
					<textcolor>FFF0F0F0</textcolor>
					<shadowcolor>22000000</shadowcolor>
					<font>font10</font>
					<align>left</align>
					<aligny>center</aligny>	
					<visible>true</visible>
				</control>
				
				<control type="image" id="4944">
					<description>Live</description>
					<posx>660</posx>
					<top>878</top>
					<width>100</width>
					<height>43</height>
					<aspectratio>keep</aspectratio>
					<fadetime>100</fadetime>
				</control>
				
				<control type="label">
					<description>Program channel</description>
					<right>140</right>
					<top>70</top>
					<width>240</width>
					<height>20</height>
					<font>font20_title</font>
					<align>center</align>
					<aligny>center</aligny>
					<textcolor>FFF0F0F0</textcolor>
					<shadowcolor>22000000</shadowcolor>
					<label>[UPPERCASE]$INFO[Player.Title][/UPPERCASE][CR]</label>
				</control>
				
				<control type="image" id="4924">
					<description>Channel logo</description>
					<posx>90</posx>
					<top>740</top>
					<width>300</width>
					<height>300</height>
					<colordiffuse>FFF0F0F0</colordiffuse>
					<aspectratio>keep</aspectratio>
					<fadetime>100</fadetime>
					<visible>true</visible>
				</control>

				<control type="image">
					<left>30</left>
					<top>970</top>
					<width>1858</width>
					<height>30</height>
					<texture colordiffuse="FF12B2E7">osd/white70.png</texture>
				</control>
				
				<control type="slider" id="4999">
					<left>30</left>
					<top>960</top>
					<width>1858</width>
					<height>50</height>
					<onup>8010</onup>
					<ondown>650</ondown>
					<controloffsetx>75</controloffsetx>
					<controloffsety>0</controloffsety>
					<texturesliderbar colordiffuse="00FFFFFF">osd/nub_bar.png</texturesliderbar>
					<textureslidernib colordiffuse="FF12B2E7">osd/nub_bar.png</textureslidernib>
					<textureslidernibfocus colordiffuse="00FFFFFF">osd/nub_bar.png</textureslidernibfocus>
					<animation effect="fade" end="100" time="100" delay="0">WindowOpen</animation>
				</control>
				
				<control type="button" id="108">
					<left>435</left>
					<top>855</top>
					<width>48</width>
					<height>48</height>
					<texturefocus colordiffuse="FF12B2E7">buttons/guide.png</texturefocus>
					<texturenofocus colordiffuse="FF12B2E7">buttons/guide.png</texturenofocus>
					<animation effect="fade" end="100" time="100" delay="0">WindowOpen</animation>
				</control>
				<control type="button" id="107">
					<left>435</left>
					<top>855</top>>
					<width>48</width>
					<height>48</height>
					<texturefocus>buttons/guide.png</texturefocus>
					<texturenofocus>buttons/guide.png</texturenofocus>
					<animation effect="fade" end="100" time="100" delay="0">WindowOpen</animation>
				</control>
				<control type="button" id="105">
					<left>435</left>
					<top>855</top>
					<width>48</width>
					<height>48</height>
					<texturefocus colordiffuse="FF12B2E7">buttons/play.png</texturefocus>
					<texturenofocus>buttons/play.png</texturenofocus>
					<animation effect="fade" end="100" time="100" delay="0">WindowOpen</animation>
				</control>
				<control type="button" id="101">
					<left>435</left>
					<top>855</top>
					<width>48</width>
					<height>48</height>
					<texturefocus colordiffuse="FF12B2E7">buttons/stop.png</texturefocus>
					<texturenofocus>buttons/stop.png</texturenofocus>
					<animation effect="fade" end="100" time="100" delay="0">WindowOpen</animation>
					<onup>1000</onup>
					<ondown>1002</ondown>
				</control>
				<control type="button" id="102">
					<left>1490</left>
					<top>895</top>
					<width>48</width>
					<height>48</height>
					<texturefocus colordiffuse="FF12B2E7">buttons/information.png</texturefocus>
					<texturenofocus>buttons/information.png</texturenofocus>
					<animation effect="fade" end="100" time="100" delay="0">WindowOpen</animation>
					<onup>1001</onup>
					<ondown>1006</ondown>
				</control>
				<control type="button" id="106">
					<left>1550</left>
					<top>895</top>
					<width>48</width>
					<height>48</height>
					<texturefocus colordiffuse="FF12B2E7">buttons/settings.png</texturefocus>
					<texturenofocus>buttons/settings.png</texturenofocus>
					<animation effect="fade" end="100" time="100" delay="0">WindowOpen</animation>
					<onup>1002</onup>
					<ondown>1003</ondown>
				</control>
				<control type="button" id="103">
					<left>1610</left>
					<top>895</top>
					<width>48</width>
					<height>48</height>
					<texturefocus colordiffuse="FF12B2E7">buttons/previous.png</texturefocus>
					<texturenofocus>buttons/previous.png</texturenofocus>
					<animation effect="fade" end="100" time="100" delay="0">WindowOpen</animation>
					<onup>1006</onup>
					<ondown>1004</ondown>
				</control>
				<control type="button" id="104">
					<left>1670</left>
					<top>895</top>
					<width>48</width>
					<height>48</height>
					<texturefocus colordiffuse="FF12B2E7">buttons/next.png</texturefocus>
					<texturenofocus>buttons/next.png</texturenofocus>
					<animation effect="fade" end="100" time="100" delay="0">WindowOpen</animation>
					<onup>1003</onup>
					<ondown>1003</ondown>
				</control>
		</control>
	</controls>
</window>