<window>
	<defaultcontrol always="true">101</defaultcontrol>
	<include>dialogeffect</include>
	<coordinates>
		<system>1</system><posx>0</posx><posy>0</posy>
	</coordinates>
	<controls>
		<control type="button" id="1000">
			<description>Close Window button</description>
			<posx>84r</posx>
			<posy>0</posy>
			<width>64</width>
			<height>32</height>
			<label>-</label>
			<font>-</font>
			<onclick>Dialog.Close(VideoOSD,true)</onclick>
			<onclick>FullScreen</onclick>
			<texturefocus>DialogCloseButton-focus.png</texturefocus>
			<texturenofocus>DialogCloseButton.png</texturenofocus>
			<onleft>1000</onleft>
			<onright>1000</onright>
			<onup>101</onup>
			<ondown>101</ondown>
			<animation effect="fade" time="200">VisibleChange</animation>
			<visible>true</visible>
		</control>

		<!-- !LiveTV -->
		<control type="group" id="100">
			<posx>325</posx>
			<posy>65r</posy>
			<defaultcontrol always="true">101</defaultcontrol>
			<animation effect="fade" time="200">VisibleChange</animation>
			<visible>true</visible>

			<control type="image">
				<description>background image</description>
				<posx>197</posx>
				<posy>0</posy>
				<width>230</width>
				<height>64</height>
				<texture>osdback.png</texture>
			</control>

			<control type="button" id="101">
				<posx>210</posx>
				<posy>11</posy>
				<width>48</width>
				<height>48</height>
				<texturefocus>stopfo.png</texturefocus>
				<texturenofocus>stopbd.png</texturenofocus>
				<onleft>104</onleft>
				<onright>102</onright>
				<onup>1000</onup>
				<ondown>1000</ondown>
			</control>
			<control type="button" id="102">
				<posx>262</posx>
				<posy>11</posy>
				<width>48</width>
				<height>48</height>
				<texturefocus>infofo.png</texturefocus>
				<texturenofocus>infobd.png</texturenofocus>
				<onleft>101</onleft>
				<onright>103</onright>
				<onup>1000</onup>
				<ondown>1000</ondown>
			</control>
			<control type="button" id="103">
				<posx>314</posx>
				<posy>11</posy>
				<width>48</width>
				<height>48</height>
				<texturefocus>minusfo.png</texturefocus>
				<texturenofocus>minusbd.png</texturenofocus>
				<onleft>102</onleft>
				<onright>104</onright>
				<onup>1000</onup>
				<ondown>1000</ondown>
			</control>
			<control type="button" id="104">
				<posx>366</posx>
				<posy>11</posy>
				<width>48</width>
				<height>48</height>
				<texturefocus>plusfo.png</texturefocus>
				<texturenofocus>plusbd.png</texturenofocus>
				<onleft>103</onleft>
				<onright>101</onright>
				<onup>1000</onup>
				<ondown>1000</ondown>
			</control>
		</control>
	</controls>
</window>