<?xml version="1.0" encoding="UTF-8" standalone="yes"?>
<addon id="script.etvguide" name="e-TVGuide" version="1.1.42" provider-name="thebedi">
	<requires>
		<import addon="xbmc.python" version="2.1.0"/>
		<import addon="script.module.simplejson" version="2.0.10"/>
		<import addon="script.module.elementtree" version="1.2.7"/>
	</requires>
	<extension point="xbmc.python.script" library="addon.py"/>
	<extension point="xbmc.service" library="service.py" start="login"/>

	<extension point="xbmc.addon.metadata">
		<summary>e-TVGuide with support for WEEB.TV</summary>
		<description>The TV guide gives you an overview on whats on TV right now, so you don't have to change the channel away from KODI![CR][CR]Navigate using the arrow keys and change page using channel + / -.</description>
		<platform>all</platform>
		<license>GPLv3</license>
        	<website>https://github.com/en0x/script.etvguide</website>
        	<email>pawelkilian@gmail.com</email>
        	<source>https://github.com/en0x/script.etvguide</source>
	</extension>
</addon>
