<?xml version="1.0" encoding="UTF-8" standalone="yes"?>
<addon id="script.etvguide" name="e-TVGuide" version="3.0.3" provider-name="thebedi">
	<requires>
		<import addon="xbmc.python" version="2.1.0"/>
		<import addon="script.module.simplejson" version="2.0.10"/>
		<import addon="script.module.elementtree" version="1.2.7"/>
	</requires>
	<extension point="xbmc.python.script" library="addon.py">
		<provides>video</provides>
	</extension>
	<extension point="xbmc.service" library="service.py" start="login"/>
	<extension point="xbmc.addon.metadata">
		<summary>e-TVGuide with support for WEEB.TV, GoldVOD.tv, Telewizjada.net and Pierwsza.tv</summary>
		<description>Based on script.tvguide by [COLOR cyan]twinther (tommy@winther.nu)[/COLOR][CR] on latest modifications by [COLOR cyan]mods-kodi.pl[/COLOR] with extra tweaks by [COLOR cyan]en0x[/COLOR]</description>
		<platform>all</platform>
		<language></language>
		<website>https://github.com/en0x/script.etvguide</website>
		<email>pawelkilian@gmail.com</email>
	</extension>
</addon>
