<?xml version="1.0" encoding="utf-8"?>
<window type="dialog">
	<defaultcontrol always="true">1000</defaultcontrol>
	<coordinates>
		<system>1</system><posx>0</posx><posy>0</posy>
	</coordinates>
		<animation effect="fade" start="100" end="0" time="240">WindowClose</animation>
	<controls>
		<control type="group">
			<control type="image">
				<description>background image</description>
				<width>1920</width>
				<top>0</top>
				<height>1080</height>
				<texture>tvguide-background-default.jpg</texture>
				<animation effect="fade" start="0" end="100" time="200">WindowOpen</animation>
				<animation effect="fade" start="100" end="0" time="200">WindowClose</animation>
			</control>
			<control type="image">
				<description>Dialog shadow</description>
				<posx>670</posx>
				<posy>232</posy>
				<width>1130</width>
				<height>468</height>
				<texture colordiffuse="9F000000">osd/white.png</texture>
				<animation effect="slide" start="320" end="0" time="400" tween="cubic" easing="out">WindowOpen</animation>
				<animation effect="slide" start="0" end="320" time="300" tween="cubic" easing="out">WindowClose</animation>
			</control>
			<control type="image">
				<description>Dialog shadow</description>
				<posx>102</posx>
				<posy>309</posy>
				<width>464</width>
				<height>310</height>
				<texture colordiffuse="9F000000">osd/white.png</texture>
				<aspectratio>scale</aspectratio>
				<animation effect="slide" start="-380" end="0" time="400" tween="cubic" easing="out" >WindowOpen</animation>
				<animation effect="slide" start="0" end="-380" time="300" tween="cubic" easing="out" >WindowClose</animation>
			</control>
			<control type="label">
				<posx>25%</posx>
				<posy>104</posy>
				<width>960</width>
				<font>font13</font>
				<align>center</align>
				<textcolor>FFF0F0F0</textcolor>
				<shadowcolor>22000000</shadowcolor>
				<label>$LOCALIZE[31000]</label>
				<animation effect="fade" start="0" end="100" time="300" tween="sine" delay="400" easing="out">WindowOpen</animation>
				<animation effect="fade" start="100" end="0" time="240">WindowClose</animation>
			</control>

			<control type="button" id="1000">
				<description>Close Window button</description>
				<posx>1245</posx>
				<posy>15</posy>
				<width>96</width>
				<height>48</height>
				<onclick>Dialog.Close(VideoOSD,true)</onclick>
				<onclick>FullScreen</onclick>
				<texturefocus>DialogCloseButton-focus.png</texturefocus>
				<texturenofocus>DialogCloseButton.png</texturenofocus>
				<animation effect="fade" time="200">VisibleChange</animation>
				<visible>false</visible>
			</control>
			
			<control type="label">
				<description>Program date</description>
				<posx>711</posx>
				<posy>293</posy>
				<width>375</width>
				<height>26</height>
				<textcolor>FFF0F0F0</textcolor>
				<shadowcolor>22000000</shadowcolor>
				<font>font10</font>
				<align>left</align>
				<aligny>center</aligny>	
				<label>[B]$INFO[System.Date][/B]</label>
				<animation effect="slide" start="320" end="0" time="400" tween="cubic" easing="out">WindowOpen</animation>
				<animation effect="slide" start="0" end="320" time="300" tween="cubic" easing="out">WindowClose</animation>
			</control>
			
			<control type="label" id="4920">
				<description>Program title</description>
				<posx>25%</posx>
				<posy>44</posy>
				<width>960</width>
				<height>50</height>
				<textcolor>FFF0F0F0</textcolor>
				<shadowcolor>22000000</shadowcolor>
				<font>font30</font>
				<align>center</align>
				<animation effect="fade" start="0" end="100" time="300" tween="sine" delay="400" easing="out">WindowOpen</animation>
				<animation effect="fade" start="100" end="0" time="240">WindowClose</animation>
			</control>
			<control type="image" id="4924">
				<description>Channel logo</description>
				<posx>0</posx>
				<posy>0</posy>
				<width>0</width>
				<height>0</height>
				<visible>false</visible>
			</control>
			<control type="image" id="4944">
				<description>Live</description>
				<posx>100</posx>
				<posy>933</posy>
				<width>120</width>
				<height>37</height>
			</control>
			<control type="label" id="4921">
				<description>Program time</description>
				<posx>711</posx>
				<posy>256</posy>
				<width>375</width>
				<height>26</height>
				<textcolor>FFF0F0F0</textcolor>
				<shadowcolor>22000000</shadowcolor>
				<font>font10</font>
				<align>left</align>
				<aligny>center</aligny>
				<animation effect="slide" start="320" end="0" time="400" tween="cubic" easing="out">WindowOpen</animation>
				<animation effect="slide" start="0" end="320" time="300" tween="cubic" easing="out">WindowClose</animation>				
			</control>
			<control type="textbox" id="4922">
				<description>Program description</description>
				<posx>711</posx>
				<posy>327</posy>
				<width>1048</width>
				<height>320</height>
				<textcolor>FFF0F0F0</textcolor>
				<shadowcolor>22000000</shadowcolor>
				<font>font10</font>
				<align>left</align>
				<wrapmultiline>true</wrapmultiline>
				<autoscroll time="3500" delay="7500" repeat="10000">true</autoscroll>
				<animation effect="slide" start="320" end="0" time="400" tween="cubic" easing="out">WindowOpen</animation>
				<animation effect="slide" start="0" end="320" time="300" tween="cubic" easing="out">WindowClose</animation>
			</control>
			<control type="image" id="4923">
				<description>Program logo</description>
				<posx>106</posx>
				<posy>313</posy>
				<width>456</width>
				<height>302</height>
				<texture>tvguide-logo-epg.png</texture>
				<aspectratio>scale</aspectratio>
				<animation effect="slide" start="-320" end="0" time="400" tween="cubic" easing="out" >WindowOpen</animation>
				<animation effect="slide" start="0" end="-320" time="300" tween="cubic" easing="out" >WindowClose</animation>
			</control>
			<control type="progress" id="4999">
				<posx>0</posx>
				<posy>0</posy>
				<width>0</width>
				<height>0</height>
				<visible>false</visible>
			</control>
		</control>
	</controls>
</window>