<addon id="repository.etvguide" name="e-TVGuide Add-ons" version="1.0.4" provider-name="thebedi">
	<extension point="xbmc.addon.repository" name="e-TVGuide Add-on Repository">
		<info compressed="false">https://raw.githubusercontent.com/en0x/script.etvguide/master/addons.xml</info>
		<checksum>https://raw.githubusercontent.com/en0x/script.etvguide/master/addons.xml.md5</checksum>
		<datadir zip="false">https://github.com/en0x/script.etvguide/tree/master/</datadir>
	</extension>
	<extension point="xbmc.addon.metadata">
		<summary>e-TVGuide Addon Repository</summary>
		<description>Download and install thebedi's addon repository, home of the e-TVGuide plugin!!</description>
		<disclaimer></disclaimer>
		<platform>all</platform>
	</extension>
</addon>
