﻿<?xml version="1.0" encoding="UTF-8"?>
<map id="mojefilmy" version="1.0" strm="service=mojefilmy&amp;cid=%s">
	<channel id="TVP 1" 									title="(?=\s*TVP\s*1(\s*TV)?(\s*HD)?\s*$)" strm=""/>
	<channel id="TVP 2"										title="(?=\s*TVP\s*2(\s*TV)?(\s*HD)?\s*$)" strm=""/>
	<channel id="TVP HD" 									title="(?=\s*TVP(\s*TV)?(\s*HD)?(\s*TV)?(\s*HD)?\s*$)" strm=""/>
	<channel id="TVN" 										title="(?=\s*TVN(\s*TV)?(\s*HD)?\s*$)" strm=""/>
	<channel id="TVN Style" 								title="(?=\s*TVN\s*Style(\s*TV)?(\s*HD)?\s*$)" strm=""/>
	<channel id="Polsat" 									title="(?=\s*Polsat(\s*TV)?(\s*HD)?\s*$)" strm=""/>
	<channel id="TVN 7" 									title="(?=\s*TVN\s*7(\s*TV)?(\s*HD)?\s*$)" strm=""/>
	<channel id="TVN 24 BiS"						    	title="(?=\s*TVN\s*24\s*bis(\s*TV)?(\s*HD)?\s*$)" strm=""/>
	<channel id="TVN 24" 									title="(?=\s*TVN\s*24(\s*TV)?(\s*HD)?\s*$)" strm=""/>
	<channel id="TVN METEO ACTIVE"						    title="(?=\s*TVN\s*METEO\s*ACTIVE(\s*TV)?(\s*HD)?\s*$)" strm=""/>
	<channel id="TVP Seriale" 								title="(?=\s*TVP\s*Seriale(\s*TV)?(\s*HD)?\s*$)" strm=""/>
	<channel id="TVP Kultura" 								title="(?=\s*TVP\s*Kultura(\s*TV)?(\s*HD)?\s*$)" strm=""/>
	<channel id="TVP Polonia" 								title="(?=\s*Polonia\s*1(\s*TV)?(\s*HD)?\s*$)" strm=""/>
	<channel id="TVP Polonia" 								title="(?=\s*TVP\s*Polonia(\s*TV)?(\s*HD)?\s*$)" strm=""/>
	<channel id="TVP Rozrywka" 								title="(?=\s*.*TVP)(?=\s*.*Rozrywka)" strm=""/>
	<channel id="TVP Historia" 								title="(?=\s*.*TVP)(?=\s*.*Historia)" strm=""/>
	<channel id="TV Puls" 									title="(?=\s*Puls(\s*TV)?(\s*HD)?\s*$)" strm=""/>
	<channel id="Puls 2" 									title="(?=\s*.*PULS)(?=\s*.*2)" strm=""/>
	<channel id="TTV" 										title="(?=\s*TTV(\s*TV)?(\s*HD)?\s*$)" strm=""/>
	<channel id="TV 4" 										title="(?=\s*TV\s*4(\s*TV)?(\s*HD)?\s*$)" strm=""/>
	<channel id="TV 6" 										title="(?=\s*TV\s*6(\s*TV)?(\s*HD)?\s*$)" strm=""/>
	<channel id="Tele 5" 									title="(?=\s*.*Tele)(?=\s*.*5)" strm=""/>
	<channel id="Polsat 2" 									title="(?=\s*Polsat\s*2(\s*TV)?(\s*HD)?\s*$)" strm=""/>
	<channel id="Superstacja" 								title="(?=\s*Superstacja(\s*TV)?(\s*HD)?\s*$)" strm=""/>
	<channel id="Polsat News" 								title="(?=\s*Polsat\s*News(\s*TV)?(\s*HD)?\s*$)" strm=""/>
	<channel id="Polsat Cafe" 								title="(?=\s*Polsat\s*Cafe(\s*TV)?(\s*HD)?\s*$)" strm=""/>
	<channel id="TVP Info" 									title="(?=\s*TVP\s*Info(\s*TV)?(\s*HD)?\s*$)" strm=""/>
	<channel id="Domo+" 									title="(?=\s*Domo.*(\s*TV)?(\s*HD)?\s*$)" strm=""/>
	<channel id="Kuchnia+" 									title="(?=\s*.*Kuchnia\+)" strm=""/>
	<channel id="BBC" 										title="(^BBC\s*$)|(^BBC\W*HD\s*$)" strm=""/>
	<channel id="BBC Lifestyle" 							title="(?=\s*.*BBC)(?=\s*.*Lifestyle)" strm=""/>
	<channel id="BBC Brit" 							        title="(?=\s*.*BBC)(?=\s*.*Brit)" strm=""/>
	<channel id="BBC Earth" 							    title="(?=\s*BBC\s*Earth(\s*TV)?(\s*HD)?\s*$)" strm=""/>
	<channel id="FOX" 										title="(?=\s*FOX(\s*TV)?(\s*HD)?\s*$)" strm=""/>
	<channel id="FOX Life" 									title="(?=\s*.*FOX)(?=\s*.*Life)" strm=""/>
	<channel id="FOX Comedy" 								title="(?=\s*.*FOX)(?=\s*.*Comedy)(\s*HD)?" strm=""/>
	<channel id="TLC" 										title="(?=\s*TLC(\s*TV)?(\s*HD)?\s*$)" strm=""/>
	<channel id="13 Ulica" 									title="(?=\s*.*13)(?=\s*.*Ulica)" strm=""/>
	<channel id="Canal+" 									title="(?=\s*Canal\+(\s*TV)?(\s*HD)?\s*$)" strm=""/>
	<channel id="Canal+ Film" 								title="(?=\s*Canal\+\s*Film(\s*TV)?(\s*HD)?\s*$)" strm=""/>
	<channel id="Canal+ Family" 							title="(?=\s*Canal.*\s*Family(\s*TV)?(\s*HD)?(\s*HD)?\s*$)" strm=""/>
    <channel id="Canal+ Seriale" 							title="(?=\s*Canal\+\s*Seriale(\s*TV)?(\s*HD)?\s*$)" strm=""/>
	<channel id="HBO" 										title="(?=\s*HBO(\s*TV)?(\s*HD)?(\s*720p)?(\s*1080p)?\s*$)" strm=""/>
	<channel id="HBO2" 										title="(?=\s*HBO\s*2(\s*TV)?(\s*HD)?\s*$)" strm=""/>
	<channel id="HBO Comedy" 								title="(?=\s*HBO\s*Comedy(\s*TV)?(\s*HD)?\s*$)" strm=""/>
	<channel id="Filmbox" 								    title="(?=\s*Filmbox(\s*TV)?(\s*HD)?\s*$)" strm=""/>
	<channel id="Filmbox Extra" 							title="(?=\s*Filmbox\s*Extra(\s*TV)?(\s*HD)?\s*$)" strm=""/>
	<channel id="Filmbox Extra HD" 							title="(?=\s*Filmbox\s*Extra(\s*TV)?(\s*HD)?\s*$)" strm=""/>
	<channel id="Filmbox Family"						    title="(?=\s*Filmbox\s*Family(\s*TV)?(\s*HD)?\s*$)" strm=""/>
	<channel id="Filmbox Premium"						    title="(?=\s*Filmbox\s*Premium(\s*TV)?(\s*HD)?\s*$)" strm=""/>
	<channel id="Filmbox Action"						    title="(?=\s*Filmbox\s*Action(\s*TV)?(\s*HD)?\s*$)" strm=""/>
	<channel id="Cinemax" 									title="(?=\s*.*Cinemax)" strm=""/>
	<channel id="Cinemax 2" 								title="(?=\s*.*Cinemax)(?=\s*.*2)" strm=""/>
	<channel id="Polsat Film" 								title="(?=\s*Polsat\s*Film(\s*TV)?(\s*HD)?\s*$)" strm=""/>
	<channel id="Kino Polska" 								title="(?=\s*Kino\s*Polsa(\s*TV)?(\s*HD)?\s*$)" strm=""/>
	<channel id="Kino Polska" 								title="(?=\s*Kino\s*Polska(\s*TV)?(\s*HD)?\s*$)" strm=""/>
	<channel id="AXN" 										title="(?=\s*AXN(\s*TV)?(\s*HD)?\s*$)" strm=""/>
	<channel id="AXN White" 								title="(?=\s*AXN\s*White(\s*TV)?(\s*HD)?\s*$)" strm=""/>
	<channel id="AXN Black" 								title="(?=\s*AXN\s*Black(\s*TV)?(\s*HD)?\s*$)" strm=""/>
	<channel id="AXN Spin" 									title="(?=\s*.*AXN)(?=\s*.*Spin)" strm=""/>
	<channel id="SciFi" 									title="(?=\s*.*Scifi)(?=\s*.*Universal)" strm=""/>
	<channel id="MGM" 										title="(?=\s*.*MGM)" strm=""/>
	<channel id="Comedy Central" 							title="(?=\s*Comedy\s*Central(\s*TV)?(\s*HD)?\s*$)" strm=""/>
	<channel id="Comedy Central Family" 					title="(?=\s*Comedy\s*Central\s*Family(\s*TV)?(\s*HD)?\s*$)" strm=""/>
	<channel id="Universal Channel" 						title="(?=\s*.*Universal)(?=\s*.*Channel)" strm=""/>
	<channel id="Paramount Channel" 						title="(?=\s*.*Paramount)(?=\s*.*Channel)" strm=""/>
	<channel id="Ale Kino+" 								title="(?=\s*Ale\s*Kino.*(\s*TV)?(\s*HD)?\s*$)" strm=""/>
	<channel id="Animal Planet" 							title="(?=\s*Animal\s*Planet(\s*TV)?(\s*HD)?\s*$)" strm=""/>
	<channel id="National Geographic Channel" 				title="(?=\s*National\s*Geographic(\s*TV)?(\s*HD)?\s*$)" strm=""/>
	<channel id="Nat Geo Wild" 								title="(?=\s*National\s*Geographic\s*Wild(\s*TV)?(\s*HD)?\s*$)" strm=""/>
	<channel id="Nat Geo Wild" 								title="(?=\s*Nat\s*Geo\s*Wild(\s*TV)?(\s*HD)?\s*$)" strm=""/>
	<channel id="Motowizja" 								title="(?=\s*Motowizja(\s*TV)?(\s*HD)?\s*$)" strm=""/>

<!--
Kanał Discovery tymczasowo ustawiony na jakość SD ponieważ na HD jest TVN style, oryg kopia zapisana:
<channel id="Discovery Channel" 						title="(?=\s*Discovery\s*Channel(\s*TV)?(\s*HD)?\s*$)" strm=""/>
-->

	<channel id="Discovery Channel" 						title="(?=\s*Discovery\s*Channel(\s*TV)?(\s*HD)?\s*$)" strm=""/>
	<channel id="Canal+ Discovery" 							title="(?=\s*.*Canal)(?=\s*.*Discovery)" strm=""/>
	<channel id="Discovery Science" 						title="(?=\s*.*Discovery)(?=\s*.*Science)" strm=""/>
	<channel id="Discovery Turbo Xtra" 						title="(?=\s*Discovery\s*Turbo\s*Xtra(\s*TV)?(\s*HD)?\s*$)" strm=""/>
	<channel id="Discovery Life" 							title="(?=\s*Discovery\s*Life(\s*TV)?(\s*HD)?\s*$)" strm=""/>
	<channel id="Discovery Historia" 						title="(?=\s*.*Discovery)(?=\s*.*Historia)" strm=""/>
	<channel id="ID" 										title="(?=\s*INVESTIGATION\s*DISCOVERY(\s*TV)?(\s*HD)?\s*$)" strm=""/>
	<channel id="Crime &amp; Investigation Network Polsat" 	title="(?=\s*.*Crime)(?=\s*.*Investigation)(?=\s*.*Polsat)" strm=""/>
	<channel id="Planete+" 									title="(?=\s*Planete\s*\+(\s*TV)?(\s*HD)?\s*$)" strm=""/>
	<channel id="History" 									title="(?=\s*.*HISTORY)(?!.*Polsat)" strm=""/>
	<channel id="TVN Turbo" 								title="(?=\s*TVN\s*Turbo(\s*TV)?(\s*HD)?\s*$)" strm=""/>
	<channel id="Polsat Play" 								title="(?=\s*.*Polsat)(?=\s*.*Play)" strm=""/>
	<channel id="POLSAT Viasat Explore" 					title="(?=\s*Polsat\s*Explore(\s*TV)?(\s*HD)?\s*$)" strm=""/>
	<channel id="Polsat Viasat History" 					title="(?=\s*.*POLSAT)(?=\s*.*History)" strm=""/>
	<channel id="Polsat Viasat Nature" 						title="(?=\s*.*POLSAT)(?=\s*.*Nature)" strm=""/>
	<channel id="Canal+ Sport" 								title="(?=\s*CANAL\+\s*SPORT(\s*TV)?(\s*HD)?\s*$)" strm=""/>
	<channel id="Canal+ Sport 2" 							title="(?=\s*CANAL\+\s*SPORT\s*2(\s*TV)?(\s*HD)?\s*$)" strm=""/>
	<channel id="Polsat Sport" 								title="(?=\s*Polsat\s*Sport(\s*TV)?(\s*HD)?\s*$)" strm=""/>
	<channel id="Polsat Sport News" 					    title="(?=\s*Polsat\s*Sport\s*News(\s*TV)?(\s*HD)?\s*$)" strm=""/>
	<channel id="Polsat Sport Extra" 						title="(?=\s*.*POLSAT)(?=\s*.*Sport)(?=\s*.*Extra)" strm=""/>
	<channel id="nSport" 									title="(?=\s*nSport(\s*\+)?(\s*TV)?(\s*HD)?\s*$)" strm=""/>
	<channel id="TVP Sport" 								title="(?=\s*TVP\s*Sport(\s*TV)?(\s*HD)?\s*$)" strm=""/>
	<channel id="Orange Sport" 								title="(?=\s*Orange\s*Sport(\s*TV)?(\s*HD)?\s*$)" strm=""/>
	<channel id="Eurosport" 								title="(?=\s*EuroSport(\s*TV)?(\s*HD)?\s*$)" strm=""/>
	<channel id="Eurosport 2" 								title="(?=\s*EuroSport\s*2(\s*TV)?(\s*HD)?\s*$)" strm=""/>
	<channel id="FightBox" 									title="(?=\s*Fight\s*Box(\s*TV)?(\s*HD)?\s*$)" strm=""/>
	<channel id="Eleven" 									title="(?=\s*Eleven(\s*TV)?(\s*HD)?\s*$)" strm=""/>
	<channel id="Eleven Sport" 				                title="(?=\s*Eleven\s*Sports(\s*TV)?(\s*HD)?\s*$)" strm=""/>
	<channel id="Eleven Sport" 				                title="(?=\s*Eleven\s*Sport(\s*TV)?(\s*HD)?\s*$)" strm=""/>
	<channel id="Extreme" 									title="(?=\s*.*Extreme)" strm=""/>
	<channel id="Baby TV" 									title="(?=\s*.*Baby)(?=\s*.*TV)" strm=""/>
	<channel id="Disney Channel" 							title="(?=\s*DISNEY\s*CHANNEL(\s*TV)?(\s*HD)?\s*$)" strm=""/>
	<channel id="Disney XD" 								title="(?=\s*DISNEY\s*XD(\s*TV)?(\s*HD)?\s*$)" strm=""/>
	<channel id="Disney Junior" 							title="(?=\s*.*Disney)(?=\s*.*Junior)" strm=""/>
	<channel id="Cartoon Network" 							title="(?=\s*Cartoon\s*Netwoork(\s*TV)?(\s*HD)?\s*$)" strm=""/>
	<channel id="JimJam Polsat" 							title="(?=\s*.*JimJam)(?=\s*.*Polsat)" strm=""/>
	<channel id="Duck" 										title="(?=\s*.*Duck)(?=\s*.*TV)" strm=""/>
	<channel id="Nickelodeon" 								title="(?=\s*Nickelodeon(\s*TV)?(\s*HD)?\s*$)" strm=""/>
	<channel id="Nick Jr." 									title="(?=\s*Nickelodeon\s*Junior(\s*TV)?(\s*HD)?\s*$)" strm=""/>
	<channel id="Minimini+" 								title="(?=\s*MiniMini.*(\s*TV)?(\s*HD)?\s*$)" strm=""/>
	<channel id="Boomerang" 								title="(?=\s*Boomerang(\s*TV)?(\s*HD)?\s*$)" strm=""/>
	<channel id="Teletoon" 									title="(?=\s*Teletoon.*(\s*TV)?(\s*HD)?\s*$)" strm=""/>
	<channel id="BBC CBeebies" 								title="(?=\s*.*BBC)(?=\s*.*CBeebies)" strm=""/>
	<channel id="Da Vinci Learning" 						title="(?=\s*DA\s*VINCI\s*LEARNING(\s*TV)?(\s*HD)?\s*$)" strm=""/>
	<channel id="MTV Polska" 								title="(^MTV\s*$)" strm=""/>
	<channel id="MTV Live HD" 								title="(?=\s*.*MTV)(?=\s*.*Live)" strm=""/>
	<channel id="Kino Polska Muzyka" 						title="(?=\s*.*Kino)(?=\s*.*Polska)(?=\s*.*Muzyka)" strm=""/>
	<channel id="Eska TV" 									title="(?=\s*Eska\s*TV(\s*TV)?(\s*HD)?\s*$)" strm=""/>
	<channel id="VIVA Polska" 								title="(?=\s*.*VIVA)(?=\s*.*Polska)" strm=""/>
	<channel id="4fun TV" 									title="(?=\s*4FUN(\s*TV)?(\s*HD)?\s*$)" strm=""/>
	<channel id="4fun TV" 									title="(?=\s*4FUN\s*Hits(\s*TV)?(\s*HD)?\s*$)" strm=""/>
	<channel id="Polo TV" 									title="(?=\s*Polo\s*TV(\s*TV)?(\s*HD)?\s*$)" strm=""/>
	<channel id="BBC World News"						    title="(?=\s*.*BBC)(?=\s*.*world)(?=\s*.*news)(?=\s*.*ANG)" strm=""/>
	<channel id="Stopklatka TV"						    	title="(?=\s*STOPKLATKA\s*TV(\s*TV)?(\s*HD)?\s*$)" strm=""/>
	<channel id="Fokus TV"						    		title="(?=\s*Fokus(\s*TV)?(\s*HD)?\s*$)" strm=""/>
	<channel id="Travel Channel"						    title="(?=\s*TRAVEL\s*CHANNEL(\s*TV)?(\s*HD)?\s*$)" strm=""/>
	<channel id="ESKA BEST MUSIC"						    title="(?=\s*ESKA\s*BEST\s*MUSIC(\s*TV)?(\s*HD)?\s*$)" strm=""/>
	<channel id="ESKA GO"						    		title="(?=\s*ESKA\s*GO(\s*TV)?(\s*HD)?\s*$)" strm=""/>
	<channel id="ESKA ROCK"						    		title="(?=\s*ESKA\s*ROCK(\s*TV)?(\s*HD)?\s*$)" strm=""/>
	<channel id="MUSIC VOX TV 2"						    title="(?=\s*Music\s*VOX\s*2(\s*TV)?(\s*HD)?\s*$)" strm=""/>
	<channel id="Vox Music TV"						    	title="(?=\s*Music\s*VOX(\s*TV)?(\s*HD)?\s*$)" strm=""/>
	<channel id="POLO PARTY TV"						    	title="(?=\s*POLO\s*PARTY\s*TV(\s*TV)?(\s*HD)?\s*$)" strm=""/>
	<channel id="SPORT KLUB"						    	title="(?=\s*SPORT\s*KLUB(\s*TV)?(\s*HD)?\s*$)" strm=""/>
	<channel id="TUBA TV"						    		title="(?=\s*TUBA\s*TV(\s*TV)?(\s*HD)?\s*$)" strm=""/>
	<channel id="TV KUJAWY"						    		title="(?=\s*TV\s*KUJAWY(\s*TV)?(\s*HD)?\s*$)" strm=""/>
	<channel id="VOX MUSIC TV"						    	title="(?=\s*VOX\s*MUSIC\s*TV(\s*TV)?(\s*HD)?\s*$)" strm=""/>
	<channel id="WAWA TV"						    		title="(?=\s*WAWA\s*TV(\s*TV)?(\s*HD)?\s*$)" strm=""/>
	<channel id="CZWORKA POLSKIE RADIO"						title="(?=\s*CZW.*RKA\s*POLSKIE\s*RADIO(\s*TV)?(\s*HD)?\s*$)" strm=""/>
	<channel id="Stars TV"									title="(?=\s*Stars(\s*TV)?(\s*HD)?\s*$)" strm=""/>
	<channel id="TNT"										title="(?=\s*TNT(\s*TV)?(\s*HD)?\s*$)" strm=""/>
	<channel id="Republika TV"								title="(?=\s*Republika(\s*TV)?(\s*HD)?\s*$)" strm=""/>
	<channel id="TVP ABC"									title="(?=\s*TVP\s*ABC(\s*TV)?(\s*HD)?\s*$)" strm=""/>
	<channel id="Private TV"								title="(?=\s*Private(\s*TV)?(\s*HD)?\s*$)" strm=""/>
	<channel id="Red Light"									title="(?=\s*Redlight(\s*TV)?(\s*HD)?\s*$)" strm=""/>
	<channel id="Hustler"									title="(?=\s*Hustler(\s*TV)?(\s*HD)?\s*$)" strm=""/>

</map>

<!--
	<channel id=""										title="(?=\s*Private(\s*TV)?(\s*HD)?\s*$)" strm=""/>
	<channel id=""										title="(?=\s*Private(\s*TV)?(\s*HD)?\s*$)" strm=""/>
	<channel id=""										title="(?=\s*Private(\s*TV)?(\s*HD)?\s*$)" strm=""/>
	<channel id=""										title="(?=\s*Private(\s*TV)?(\s*HD)?\s*$)" strm=""/>

	Uwaga:
		1)	Jeżeli podamy w strm danego kanału ścieżkę to przypisujemy na sztywno tego streama - nie generujemy sami na podstawie pobranej z weeb.tv listy CIDów.
			<channel id="TVP 2" title="" strm="service=weebtv&amp;cid=00000"/>

		2)	Jeżeli jakieś kanały nie mają ustawionego strm-a to te kanały przypasowujemy:
			egex.match(title, "TITLE KANAŁU WEEB.TV")

		3)	strm dla tych znalezionych kanałów powstaje tak (pole strm w atrybutach mapy) "service=weebtv&amp;cid=%s" % CID
			&amp; = & !!

			Nie dopasowujemy nazwy kanału bo np. a może to użytkownik? np: worlddiscovery emituje program ESKA TV, więc kto wie czy za jakiś czas nie zmieni planów.
			Na pewno wtedy title kanału się zmieni a jak widać name może zostać takie same.

	Kilka słów o użytym często tutaj regexie

		(?=\s*.*slowo1)(?=\s*.*slowo2)(?=\s*.*slowo3)(?=\s*.*slowo4) sprawdza czy wszystkie słowa znajdują się w danym stringu, obojętnie w jakiej kolejności
		Uwaga (?=\s*.*Canal)(?=\s*.*Film) nie zwróci grup pasujących tylko powie, że wyrażenie pasuje - jest spełnione
		np.: regex = (?=\s*.*Canal)(?=\s*.*Film)	string = Film Canal+ HD 2
		No match groups were extracted.
		This means that your pattern matches but there were no (capturing (groups)) in it that matched anything in the subject string.

		(?=\s*.*Canal)(?=\s*.*Film)(?!.*HD)	- musi zawierać Canal, musi zawierać Film, nie może zawierać HD
		^(?=\s*.*Canal)(?=\s*.*Film)(?!.*HD)	- j/w w razie jak by powyższe nie działało, to spróbować tego (niby jak HD będzie na poczatku to by tamto nie załapało), ale na moich testerach oba wyrażenia działają
-->
