<?xml version="1.0" encoding="utf-8"?>
<window type="dialog">
	<allowoverlay>no</allowoverlay>
	<defaultcontrol always="false">4000</defaultcontrol>
	<coordinates>
		<system>1</system><posx>1030</posx><posy>0</posy>
	</coordinates>
	<animation effect="slide" start="250,0" end="0,0" time="250">WindowOpen</animation>
	<animation effect="slide" start="0,0" end="250,0" time="250">WindowClose</animation>
	<controls>
		<control type="image">
			<posx>0</posx>
			<posy>0</posy>
			<width>250</width>
			<height>720</height>
			<texture>menu/chanells_bg.png</texture>
		</control>
		<control type="image">
			<posx>0</posx>
			<posy>0</posy>
			<width>250</width>
			<height>720</height>
			<texture>menu/chanells_bg.png</texture>
		</control>

		<control type="image" id="4100">
			<posx>30</posx>
			<posy>20</posy>
			<width>200</width>
			<height>56</height>
			<aspectratio>keep</aspectratio>
		</control>
		<control type="label" id="4101">
			<posx>20</posx>
			<posy>50</posy>
			<width>240</width>
			<height>50</height>
			<align>center</align>
			<aligny>center</aligny>
			<font>font13</font>
			<textcolor>ffffffff</textcolor>
		</control>

		<control type="button" id="4000">
			<posx>20</posx>
			<posy>120</posy>
			<width>240</width>
			<height>50</height>
			<texturefocus>menu/tvguide-program-grey-focus.png</texturefocus>
			<texturenofocus>menu/tvguide-program-grey.png</texturenofocus>
			<onup>4004</onup>
			<ondown>4001</ondown>
			<align>center</align>
			<aligny>center</aligny>
			<font>font13</font>
			<textcolor>ffffffff</textcolor>
		</control>
		<control type="image" id="6100">
			<posx>20</posx>
			<posy>100</posy>
			<width>24</width>
			<height>24</height>
			<texture>menu/settings.png</texture>
		</control>
		<control type="label" id="6111">
			<description>USTAWIENIA WTYCZKI</description>
			<posx>55</posx>
			<posy>87</posy>
			<width>200</width>
			<height>50</height>
			<font>font10</font>
			<textcolor>white</textcolor>
			<shadowcolor>black</shadowcolor>
			<align>left</align>
			<aligny>center</aligny>
			<label>$ADDON[script.mtvguide 30405]</label>
			<texturefocus>menu/tvguide-program-grey-focus.png</texturefocus>
			<texturenofocus>menu/tvguide-program-grey.png</texturenofocus>
		</control>
		<control type="image" id="6102">
			<posx>35</posx>
			<posy>140</posy>
			<width>180</width>
			<height>1</height>
			<texture>menu/divider.png</texture>
		</control>
		<control type="label" id="6111">
			<description>Program</description>
			<posx>20</posx>
			<posy>160</posy>
			<width>200</width>
			<height>50</height>
			<font>font10</font>
			<textcolor>white</textcolor>
			<shadowcolor>black</shadowcolor>
			<align>left</align>
			<aligny>center</aligny>
			<label>$ADDON[script.mtvguide 30404]</label>
		</control>
		<control type="label" id="4102">
			<posx>20</posx>
			<posy>180</posy>
			<width>240</width>
			<height>50</height>
			<align>left</align>
			<aligny>center</aligny>
			<font>font10</font>
			<textcolor>ffffffff</textcolor>
		</control>
		<control type="image" id="6100">
			<posx>20</posx>
			<posy>218</posy>
			<width>24</width>
			<height>24</height>
			<texture>menu/clock.png</texture>
		</control>

		<!-- Actual program time range -->
		<control type="label" id="4103">
			<description>Czas programu</description>
			<posx>55</posx>
			<posy>205</posy>
			<width>200</width>
			<height>50</height>
			<font>font10</font>
			<textcolor>white</textcolor>
			<shadowcolor>black</shadowcolor>
			<align>left</align>
			<aligny>center</aligny>
			<label></label>
		</control>
		<control type="image" id="6100">
			<posx>20</posx>
			<posy>248</posy>
			<width>24</width>
			<height>24</height>
			<texture>menu/reminder.png</texture>
		</control>

		<!-- Remaind me / not-->
		<control type="button" id="4002">
			<description>Przypomnienie</description>
			<posx>55</posx>
			<posy>235</posy>
			<width>105</width>
			<height>50</height>
			<font>font10</font>
			<textcolor>white</textcolor>
			<shadowcolor>black</shadowcolor>
			<align>left</align>
			<aligny>center</aligny>
			<onup>6111</onup>
			<ondown>4001</ondown>
			<label2>30403|30406</label2>
			<texturefocus>menu/tvguide-program-grey-focus.png</texturefocus>
			<texturenofocus>menu/tvguide-program-grey.png</texturenofocus>
		</control>
		<control type="image">
			<posx>35</posx>
			<posy>290</posy>
			<width>180</width>
			<height>1</height>
			<texture>menu/divider.png</texture>
		</control>
		<control type="image">
			<posx>20</posx>
			<posy>300</posy>
			<width>24</width>
			<height>24</height>
			<texture>menu/asettings.png</texture>
		</control>

		<!-- Button Add/Remove Strm-->
		<control type="button" id="4001">
			<posx>55</posx>
			<posy>290</posy>
			<width>110</width>
			<height>50</height>
			<font>font10</font>
			<textcolor>white</textcolor>
			<shadowcolor>black</shadowcolor>
			<align>left</align>
			<aligny>center</aligny>
			<onup>4002</onup>
			<ondown>4003</ondown>
			<label2>30407|30408</label2>
			<texturefocus>menu/tvguide-program-grey-focus.png</texturefocus>
			<texturenofocus>menu/tvguide-program-grey.png</texturenofocus>
		</control>

		<control type="image" id="6100">
			<posx>20</posx>
			<posy>350</posy>
			<width>24</width>
			<height>24</height>
			<texture>menu/clist.png</texture>
		</control>
		<control type="button" id="4003"> <!-- Channels list -->
			<description>LISTA KANAŁÓW</description>
			<posx>55</posx>
			<posy>337</posy>
			<width>120</width>
			<height>50</height>
			<font>font10</font>
			<textcolor>white</textcolor>
			<shadowcolor>black</shadowcolor>
			<onup>4001</onup>
			<ondown>4004</ondown>
			<align>left</align>
			<aligny>center</aligny>
			<label>$ADDON[script.mtvguide 30400]</label>
			<texturefocus>menu/tvguide-program-grey-focus.png</texturefocus>
			<texturenofocus>menu/tvguide-program-grey.png</texturenofocus>
		</control>
		<control type="image" id="6100">
			<posx>20</posx>
			<posy>397</posy>
			<width>24</width>
			<height>24</height>
			<texture>menu/exit.png</texture>
		</control>
		<control type="button" id="4004"> <!-- Exit -->
			<description>WYJDZ</description>
			<posx>55</posx>
			<posy>384</posy>
			<width>60</width>
			<height>50</height>
			<font>font10</font>
			<textcolor>white</textcolor>
			<shadowcolor>black</shadowcolor>
			<onup>4003</onup>
			<ondown>6111</ondown>
			<align>left</align>
			<aligny>center</aligny>
			<label>$ADDON[script.mtvguide 30401]</label>
			<texturefocus>menu/tvguide-program-grey-focus.png</texturefocus>
			<texturenofocus>menu/tvguide-program-grey.png</texturenofocus>
		</control>

		<control type="image" id="6100">
			<posx>20</posx>
			<posy>680</posy>
			<width>24</width>
			<height>24</height>
			<texture>menu/info.png</texture>
		</control>
		<control type="button" id="6111">
			<description>INFO</description>
			<posx>55</posx>
			<posy>667</posy>
			<width>130</width>
			<height>50</height>
			<font>font10</font>
			<textcolor>white</textcolor>
			<shadowcolor>black</shadowcolor>
			<onup>4004</onup>
			<ondown>4002</ondown>
			<align>left</align>
			<aligny>center</aligny>
			<label>INFO O WTYCZCE</label>
			<texturefocus>menu/tvguide-program-grey-focus.png</texturefocus>
			<texturenofocus>menu/tvguide-program-grey.png</texturenofocus>
		</control>
	</controls>
</window>