<?xml version="1.0" encoding="utf-8"?>
<window type="dialog">
	<allowoverlay>no</allowoverlay>
	<defaultcontrol always="true">6000</defaultcontrol>
	<coordinates>
		<system>1</system><posx>0</posx><posy>0</posy>
	</coordinates>
	<animation effect="fade" start="0" end="100" time="250">WindowOpen</animation>
	<animation effect="fade" start="100" end="0" time="250">WindowClose</animation>
	<controls>
		<control type="label" id="6001"><description>visibility marker for selection box</description></control>

		<control type="image">
			<description>background image</description>
			<posx>345</posx>
			<posy>53</posy>
			<width>1230</width>
			<height>975</height>
			<texture border="40">dialogs/dialogback.png</texture>
		</control>
		<control type="image">
			<description>Dialog Header image</description>
			<posx>345</posx>
			<posy>68</posy>
			<width>1230</width>
			<height>62</height>
			<texture>dialogs/dialogheader.png</texture>
		</control>
		<control type="label">
			<description>header label</description>
			<posx>0%</posx>
			<posy>86</posy>
			<width>1920</width>
			<height>30</height>
			<font>font13_title</font>
			<label>$ADDON[script.etvguide 30307]</label>
			<align>center</align>
			<aligny>center</aligny>
			<textcolor>FFEB9E17</textcolor>
			<shadowcolor>black</shadowcolor>
		</control>
		<control type="button" id="1000">
			<description>Close Window button</description>
			<posx>1447</posx>
			<posy>68</posy>
			<width>96</width>
			<height>48</height>
			<onclick>Dialog.Close(VideoOSD,true)</onclick>
			<onclick>Back</onclick>
			<texturefocus>DialogCloseButton-focus.png</texturefocus>
			<texturenofocus>DialogCloseButton.png</texturenofocus>
			<animation effect="fade" time="200">VisibleChange</animation>
			<visible>true</visible>
		</control>

		<control type="label">
			<posx>0%</posx>
			<posy>192</posy>
			<width>1920</width>
			<height>150</height>
			<font>font13</font>
			<textcolor>white</textcolor>
			<shadowcolor>black</shadowcolor>
			<align>center</align>
			<label>$ADDON[script.etvguide 30501]</label>
		</control>

		<control type="wraplist" id="6000">
			<posx>550</posx>
			<posy>380</posy>
			<width>860</width>
			<height>400</height>
			<onleft>101</onleft>
			<onright>6002</onright>
			<viewtype label="list">list</viewtype>
			<orientation>vertical</orientation>
			<focusposition>0</focusposition>
			<itemlayout width="560" height="40">
				<control type="image">
					<posx>0</posx>
					<posy>0</posy>
					<width>860</width>
					<height>38</height>
					<texture colordiffuse="" border="5">dialogs/black-back2.png</texture>
				</control>
				<control type="label">
					<posx>56</posx>
					<posy>0</posy>
					<width>860</width>
					<height>38</height>
					<aligny>center</aligny>
					<font>font12_title</font>
					<textcolor>white</textcolor>
					<shadowcolor>black</shadowcolor>
					<info>ListItem.Label</info>
				</control>
				<control type="image">
					<posx>16</posx>
					<posy>9</posy>
					<width>20</width>
					<height>20</height>
					<colordiffuse>white</colordiffuse>
					<info>ListItem.Icon</info>
				</control>
			</itemlayout>
			<focusedlayout width="560" height="40">
				<control type="image">
					<posx>0</posx>
					<posy>0</posy>
					<width>860</width>
					<height>38</height>
					<texture colordiffuse="" border="5">dialogs/button-focus2.png</texture>
					<visible>Control.IsVisible(6000)</visible>
				</control>
				<control type="label">
					<posx>56</posx>
					<posy>0</posy>
					<width>860</width>
					<height>38</height>
					<aligny>center</aligny>
					<font>font12_title</font>
					<textcolor>white</textcolor>
					<shadowcolor>black</shadowcolor>
					<label>$INFO[ListItem.Label]</label>
				</control>
				<control type="image">
					<posx>16</posx>
					<posy>9</posy>
					<width>20</width>
					<height>20</height>
					<info>ListItem.Icon</info>
				</control>
			</focusedlayout>
		</control>
		
		<control type="group">
			<posx>980</posx>
			<posy>250</posy>
			<width>1920</width>
			<height>38</height>
			<visible>!Control.IsVisible(6001)</visible>
			<animation type="Visible">
				<effect type="fade" start="0" end="100" time="250"/>
			</animation>
			<animation type="Hidden">
				<effect type="fade" start="100" end="0" time="250"/>
			</animation>

		<control type="image">
			<posx>395</posx>
			<posy>133</posy>
			<width>14</width>
			<height>32</height>
			<colordiffuse>white</colordiffuse>
			<texture>tvguide-channel-updownarrow.png</texture>
		</control>
		<control type="image">
			<posx>40</posx>
			<posy>-130</posy>
			<width>500</width>
			<height>38</height>
		</control>
		<control type="button" id="6002">
			<posx>-490</posx>
			<posy>130</posy>
			<width>860</width>
			<height>38</height>
			<aligny>center</aligny>
			<align>right</align>
			<font>font12</font>
			<textcolor>white</textcolor>
			<shadowcolor>black</shadowcolor>
			<focusedcolor>white</focusedcolor>
			<texturefocus></texturefocus>
			<texturenofocus></texturenofocus>
			<onleft>6000</onleft>
			<onright>6003</onright>
		</control>
	</control>
		
		<control type="image">
			<posx>510</posx>
			<posy>380</posy>
			<width>12</width>
			<height>40</height>
			<colordiffuse>white</colordiffuse>
			<texture flipx="true" >tvguide-channel-leftarrow.png</texture>
		</control>

		<control type="button" id="6003">
			<posx>475</posx>
			<posy>872</posy>
			<width>340</width>
			<height>100</height>
			<align>center</align>
			<aligny>center</aligny>
			<font>font12_title</font>
			<textcolor>white</textcolor>
			<label>$ADDON[script.etvguide 30502]</label>
			<onup>6000</onup>
			<onleft>6000</onleft>
			<onright>6004</onright>
			<texturefocus border="40">dialogs/dialogbutton-fo.png</texturefocus>
			<texturenofocus border="40">dialogs/dialogbutton-nofo.png</texturenofocus>
		</control>
		<control type="button" id="6004">
			<posx>790</posx>
			<posy>872</posy>
			<width>340</width>
			<height>100</height>
			<align>center</align>
			<aligny>center</aligny>
			<font>font12_title</font>
			<textcolor>white</textcolor>
			<label>$ADDON[script.etvguide 30503]</label>
			<onup>6000</onup>
			<onleft>6003</onleft>
			<onright>6000</onright>
			<texturefocus border="40">dialogs/dialogbutton-fo.png</texturefocus>
			<texturenofocus border="40">dialogs/dialogbutton-nofo.png</texturenofocus>
		</control>
	</controls>
</window>