<?xml version="1.0" encoding="utf-8"?>
<window type="dialog">
	<allowoverlay>no</allowoverlay>
	<defaultcontrol always="false">101</defaultcontrol>
	<coordinates>
		<system>1</system><posx>0</posx><posy>0</posy>
	</coordinates>
		<animation effect="fade" start="0" end="100" time="250">WindowOpen</animation>
		<animation effect="fade" start="100" end="0" time="250">WindowClose</animation>
	<controls>
		<control type="label" id="100">
			<description>tabs visibility marker</description>
			<visible>false</visible>
		</control>
		
		<control type="image">
			<description>background image</description>
			<posx>345</posx>
			<posy>53</posy>
			<width>1230</width>
			<height>975</height>
			<texture border="40">dialogs/dialogback.png</texture>
		</control>
		<control type="image">
			<description>Dialog Header image</description>
			<posx>345</posx>
			<posy>68</posy>
			<width>1230</width>
			<height>62</height>
			<texture>dialogs/dialogheader.png</texture>
		</control>
		<control type="label">
			<description>header label</description>
			<posx>0%</posx>
			<posy>86</posy>
			<width>1920</width>
			<height>30</height>
			<font>font13_title</font>
			<label>$ADDON[script.etvguide 30304]</label>
			<align>center</align>
			<aligny>center</aligny>
			<textcolor>FFEB9E17</textcolor>
			<shadowcolor>black</shadowcolor>
		</control>
		<control type="button" id="1000">
			<description>Close Window button</description>
			<posx>1447</posx>
			<posy>68</posy>
			<width>96</width>
			<height>48</height>
			<onclick>Dialog.Close(VideoOSD,true)</onclick>
			<onclick>Back</onclick>
			<texturefocus>DialogCloseButton-focus.png</texturefocus>
			<texturenofocus>DialogCloseButton.png</texturenofocus>
			<animation effect="fade" time="200">VisibleChange</animation>
			<visible>true</visible>
		</control>
		
		<control type="button" id="1000">
			<description>Close Window button</description>
			<posx>1245</posx>
			<posy>105</posy>
			<width>96</width>
			<height>48</height>
			<onclick>Dialog.Close(all,true)</onclick>
			<onclick>FullScreen</onclick>
			<texturefocus>DialogCloseButton-focus.png</texturefocus>
			<texturenofocus>DialogCloseButton.png</texturenofocus>
			<animation effect="fade" time="200">VisibleChange</animation>
			<visible>false</visible>
		</control>
		
		<control type="button" id="101">
			<posx>475</posx>
			<posy>168</posy>
			<width>340</width>
			<height>100</height>
			<align>center</align>
			<aligny>center</aligny>
			<font>font12_title</font>
			<textcolor>white</textcolor>
			<shadowcolor>black</shadowcolor>
			<label>[CAPITALIZE]$ADDON[script.etvguide 30601][/CAPITALIZE]</label>
			<onleft>103</onleft>
			<ondown>1001</ondown>
			<onright>102</onright>
			<texturefocus colordiffuse="" border="40">dialogs/dialogbutton-fo.png</texturefocus>
			<texturenofocus colordiffuse="" border="40">dialogs/dialogbutton-nofo.png</texturenofocus>
		</control>
		<control type="button" id="102">
			<posx>790</posx>
			<posy>168</posy>
			<width>340</width>
			<height>100</height>
			<align>center</align>
			<aligny>center</aligny>
			<font>font12_title</font>
			<textcolor>white</textcolor>
			<shadowcolor>black</shadowcolor>
			<label>[CAPITALIZE]$ADDON[script.etvguide 30602][/CAPITALIZE]</label>
			<onleft>101</onleft>
			<ondown>2003</ondown>
			<onright>103</onright>
			<texturefocus colordiffuse="" border="40">dialogs/dialogbutton-fo.png</texturefocus>
			<texturenofocus colordiffuse="" border="40">dialogs/dialogbutton-nofo.png</texturenofocus>
		</control>
		<control type="button" id="103">
			<posx>1105</posx>
			<posy>168</posy>
			<width>340</width>
			<height>100</height>
			<align>center</align>
			<aligny>center</aligny>
			<font>font12_title</font>
			<textcolor>white</textcolor>
			<shadowcolor>black</shadowcolor>
			<label>[CAPITALIZE]$ADDON[script.etvguide 30603][/CAPITALIZE]</label>
			<onleft>102</onleft>
			<ondown>3002</ondown>
			<onright>101</onright>
			<texturefocus colordiffuse="" border="40">dialogs/dialogbutton-fo.png</texturefocus>
			<texturenofocus colordiffuse="" border="40">dialogs/dialogbutton-nofo.png</texturenofocus>
		</control>

		<control type="group" id="1000">
			<posx>0</posx>
			<posy>40</posy>
			<width>1920</width>
			<height>1080</height>
			<animation effect="fade" start="0" end="100" delay="160" time="240">WindowOpen</animation>
			<animation effect="fade" start="100" end="0" time="240">WindowClose</animation>
			<visible>StringCompare(Control.GetLabel(100),strm)</visible>

			<control type="textbox">
				<posx>490</posx>
				<posy>252</posy>
				<width>980</width>
				<height>150</height>
				<label>$ADDON[script.etvguide 30611]</label>
				<font>font13</font>
				<align>center</align>
				<textcolor>white</textcolor>
				<shadowcolor>black</shadowcolor>
				<wrapmultiline>true</wrapmultiline>
			</control>

			<control type="button" id="1001">
				<description>Browse</description>
				<posx>1105</posx>
				<posy>362</posy>
				<width>340</width>
				<height>100</height>
				<align>center</align>
				<aligny>center</aligny>
				<font>font12_title</font>
				<textcolor>white</textcolor>
				<shadowcolor>black</shadowcolor>
				<label>[CAPITALIZE]$ADDON[script.etvguide 30610][/CAPITALIZE]</label>
				<onup>101</onup>
				<ondown>1003</ondown>
				<texturefocus colordiffuse="" border="40">dialogs/dialogbutton-fo.png</texturefocus>
				<texturenofocus colordiffuse="" border="40">dialogs/dialogbutton-nofo.png</texturenofocus>
			</control>

			<control type="textbox" id="1005">
				<posx>490</posx>
				<posy>252</posy>
				<width>980</width>
				<height>150</height>
				<wrapmultiline>true</wrapmultiline>
			</control>

			<control type="button" id="1002">
				<description>Preview</description>
				<posx>1105</posx>
				<posy>832</posy>
				<width>340</width>
				<height>100</height>
				<align>center</align>
				<aligny>center</aligny>
				<font>font12_title</font>
				<textcolor>white</textcolor>
				<shadowcolor>black</shadowcolor>
				<label>[CAPITALIZE]$ADDON[script.etvguide 30604][/CAPITALIZE]</label>
				<onup>1001</onup>
				<onleft>1004</onleft>
				<texturefocus colordiffuse="" border="40">dialogs/dialogbutton-fo.png</texturefocus>
				<texturenofocus colordiffuse="" border="40">dialogs/dialogbutton-nofo.png</texturenofocus>
			</control>
			<control type="button" id="1003">
				<description>Save</description>
				<posx>475</posx>
				<posy>832</posy>
				<width>340</width>
				<height>100</height>
				<align>center</align>
				<aligny>center</aligny>
				<font>font12_title</font>
				<textcolor>white</textcolor>
				<shadowcolor>black</shadowcolor>
				<label>[CAPITALIZE]$ADDON[script.etvguide 30605][/CAPITALIZE]</label>
				<onup>1001</onup>
				<onright>1004</onright>
				<texturefocus colordiffuse="" border="40">dialogs/dialogbutton-fo.png</texturefocus>
				<texturenofocus colordiffuse="" border="40">dialogs/dialogbutton-nofo.png</texturenofocus>
			</control>
			<control type="button" id="1004">
				<description>Cancel</description>
				<posx>790</posx>
				<posy>832</posy>
				<width>340</width>
				<height>100</height>
				<align>center</align>
				<aligny>center</aligny>
				<font>font12_title</font>
				<textcolor>white</textcolor>
				<shadowcolor>black</shadowcolor>
				<label>[CAPITALIZE]$ADDON[script.etvguide 30606][/CAPITALIZE]</label>
				<onup>1001</onup>
				<onright>1002</onright>
				<onleft>1003</onleft>		
				<texturefocus colordiffuse="" border="40">dialogs/dialogbutton-fo.png</texturefocus>
				<texturenofocus colordiffuse="" border="40">dialogs/dialogbutton-nofo.png</texturenofocus>
			</control>
		</control>

		<control type="group" id="2000">
			<posx>0</posx>
			<posy>40</posy>
			<width>1920</width>
			<height>1080</height>
			<visible>StringCompare(Control.GetLabel(100),favourites)</visible>

			<control type="textbox">
				<posx>490</posx>
				<posy>252</posy>
				<width>980</width>
				<height>150</height>
				<label>$ADDON[script.etvguide 30620]</label>
				<font>font13</font>
				<align>center</align>
				<textcolor>white</textcolor>
				<wrapmultiline>true</wrapmultiline>
			</control>

			<control type="list" id="2001">
				<posx>20</posx>
				<posy>40</posy>
				<width>560</width>
				<height>480</height>
				<viewtype label="list">list</viewtype>
				<orientation>vertical</orientation>
				<focusposition>7</focusposition>
				<onleft>102</onleft>
				<onright>2002</onright>

				<itemlayout width="560" height="40">
					<control type="image">
						<posx>0</posx>
						<posy>0</posy>
						<width>560</width>
						<height>38</height>
						<texture>tvguide-program-grey.png</texture>
					</control>
					<control type="label">
						<posx>16</posx>
						<posy>0</posy>
						<width>560</width>
						<height>38</height>
						<aligny>center</aligny>
						<font>font12</font>
						<textcolor>white</textcolor>
						<shadowcolor>black</shadowcolor>
						<info>ListItem.Label</info>
					</control>
				</itemlayout>
				<focusedlayout width="560" height="40">
					<control type="image">
						<posx>0</posx>
						<posy>0</posy>
						<width>560</width>
						<height>38</height>
						<texture>tvguide-program-grey.png</texture>
						<visible>!Control.HasFocus(2001)</visible>
					</control>
					<control type="image">
						<posx>0</posx>
						<posy>0</posy>
						<width>560</width>
						<height>38</height>
						<texture colordiffuse="FF0084FF">tvguide-program-grey-focus.png</texture>
						<visible>Control.HasFocus(2001)</visible>
					</control>
					<control type="label">
						<posx>16</posx>
						<posy>0</posy>
						<width>560</width>
						<height>38</height>
						<aligny>center</aligny>
						<font>font12</font>
						<textcolor>white</textcolor>
						<shadowcolor>black</shadowcolor>
						<info>ListItem.Label</info>
					</control>
					<control type="image">
						<posx>530</posx>
						<posy>9</posy>
						<width>20</width>
						<height>20</height>
						<texture>tvguide-bullet.png</texture>
					</control>
				</focusedlayout>
			</control>

			<control type="button" id="2002">
				<description>Preview</description>
				<posx>1105</posx>
				<posy>832</posy>
				<width>340</width>
				<height>100</height>
				<align>center</align>
				<aligny>center</aligny>
				<font>font12_title</font>
				<textcolor>white</textcolor>
				<shadowcolor>black</shadowcolor>
				<label>[CAPITALIZE]$ADDON[script.etvguide 30604][/CAPITALIZE]</label>
				<onup>102</onup>
				<onleft>2004</onleft>
				<texturefocus colordiffuse="" border="40">dialogs/dialogbutton-fo.png</texturefocus>
				<texturenofocus colordiffuse="" border="40">dialogs/dialogbutton-nofo.png</texturenofocus>
			</control>
			<control type="button" id="2003">
				<description>Save</description>
				<posx>475</posx>
				<posy>832</posy>
				<width>340</width>
				<height>100</height>
				<align>center</align>
				<aligny>center</aligny>
				<font>font12_title</font>
				<textcolor>white</textcolor>
				<shadowcolor>black</shadowcolor>
				<label>[CAPITALIZE]$ADDON[script.etvguide 30605][/CAPITALIZE]</label>
				<onup>102</onup>
				<onright>2004</onright>
				<texturefocus colordiffuse="" border="40">dialogs/dialogbutton-fo.png</texturefocus>
				<texturenofocus colordiffuse="" border="40">dialogs/dialogbutton-nofo.png</texturenofocus>
			</control>
			<control type="button" id="2004">
				<description>Cancel</description>
				<posx>790</posx>
				<posy>832</posy>
				<width>340</width>
				<height>100</height>
				<align>center</align>
				<aligny>center</aligny>
				<font>font12_title</font>
				<textcolor>white</textcolor>
				<shadowcolor>black</shadowcolor>
				<label>[CAPITALIZE]$ADDON[script.etvguide 30606][/CAPITALIZE]</label>
				<onup>102</onup>
				<onright>2002</onright>
				<onleft>2003</onleft>
				<texturefocus colordiffuse="" border="40">dialogs/dialogbutton-fo.png</texturefocus>
				<texturenofocus colordiffuse="" border="40">dialogs/dialogbutton-nofo.png</texturenofocus>
			</control>
		</control>

		<control type="group" id="3000">
			<posx>0</posx>
			<posy>-60</posy>
			<width>1920</width>
			<height>1080</height>
			<visible>StringCompare(Control.GetLabel(100),addons)</visible>

			<control type="image">
				<posx>1265</posx>
				<posy>750</posy>
				<width>12</width>
				<height>40</height>
				<texture colordiffuse="white">tvguide-channel-downarrow.png</texture>
			</control>

			<control type="wraplist" id="3001">
				<posx>1165</posx>
				<posy>540</posy>
				<width>212</width>
				<height>212</height>
				<viewtype label="list">list</viewtype>
				<orientation>vertical</orientation>
				<focusposition>0</focusposition>
				<onleft>3002</onleft>
				<onright>3006</onright>

				<itemlayout width="212" height="212">
					<control type="image">
						<posx>0</posx>
						<posy>0</posy>
						<width>212</width>
						<height>212</height>
						<texture colordiffuse="1F000000">osd/white.png</texture>
					</control>
					<control type="image">
						<posx>10</posx>
						<posy>10</posy>
						<width>192</width>
						<height>192</height>
						<info>ListItem.Icon</info>
					</control>
				</itemlayout>
				<focusedlayout width="212" height="212">
					<control type="image">
						<posx>0</posx>
						<posy>0</posy>
						<width>212</width>
						<height>212</height>
						<texture colordiffuse="00FFFFFF">osd/white.png</texture>
						<visible>!Control.HasFocus(3001)</visible>
					</control>
					<control type="image">
						<posx>0</posx>
						<posy>0</posy>
						<width>212</width>
						<height>212</height>
						<texture colordiffuse="FF0084FF">addon-focus.png</texture>
						<visible>Control.HasFocus(3001)</visible>
					</control>
					<control type="image">
						<posx>10</posx>
						<posy>10</posy>
						<width>192</width>
						<height>192</height>
						<info>ListItem.Icon</info>
					</control>
				</focusedlayout>
			</control>

			<control type="label" id="3003">
				<posx>1100</posx>
				<posy>450</posy>
				<width>335</width>
				<height>118</height>
				<align>center</align>
				<aligny>center</aligny>
				<font>font12_title</font>
				<textcolor>white</textcolor>
				<shadowcolor>black</shadowcolor>
				<focusedcolor>white</focusedcolor>
				<label>[CAPITALIZE]plugin.video.xxx[/CAPITALIZE]</label>
				<texturefocus colordiffuse="" border="40">dialogs/dialogbutton-nofo.png</texturefocus>
				<texturenofocus colordiffuse="" border="40">dialogs/dialogbutton-nofo.png</texturenofocus>
			</control>
			<control type="textbox" id="3004">
				<posx>490</posx>
				<posy>352</posy>
				<width>980</width>
				<height>150</height>
				<label>description...</label>
				<font>font13</font>
				<align>center</align>
				<textcolor>white</textcolor>
				<shadowcolor>black</shadowcolor>
				<wrapmultiline>true</wrapmultiline>
				<autoscroll time="3600" delay="6000" repeat="6000">true</autoscroll>
			</control>

			<control type="list" id="3002">
				<posx>530</posx>
				<posy>480</posy>
				<width>560</width>
				<height>440</height>
				<viewtype label="list">list</viewtype>
				<orientation>vertical</orientation>
				<focusposition>7</focusposition>
				<onup>103</onup>
				<ondown>3006</ondown>
				<onright>3001</onright>

				<itemlayout width="560" height="40">
					<control type="image">
						<posx>0</posx>
						<posy>0</posy>
						<width>560</width>
						<height>38</height>
						<texture colordiffuse="">dialogs/black-back2.png</texture>
					</control>
					<control type="label">
						<posx>56</posx>
						<posy>0</posy>
						<width>560</width>
						<height>38</height>
						<aligny>center</aligny>
						<font>font12_title</font>
						<textcolor>white</textcolor>
						<shadowcolor>black</shadowcolor>
						<info>ListItem.Label</info>
					</control>
				</itemlayout>
				<focusedlayout width="560" height="40">
					<control type="image">
						<posx>0</posx>
						<posy>0</posy>
						<width>560</width>
						<height>38</height>
						<texture colordiffuse="">dialogs/button-focus2.png</texture>
						<visible>!Control.HasFocus(3002)</visible>
					</control>
					<control type="image">
						<posx>0</posx>
						<posy>0</posy>
						<width>560</width>
						<height>38</height>
						<texture colordiffuse="">dialogs/button-focus2.png</texture>
						<visible>Control.HasFocus(3002)</visible>
					</control>
					<control type="label">
						<posx>56</posx>
						<posy>0</posy>
						<width>560</width>
						<height>38</height>
						<aligny>center</aligny>
						<font>font12_title</font>
						<textcolor>white</textcolor>
						<shadowcolor>black</shadowcolor>
						<info>ListItem.Label</info>
					</control>
					<control type="image">
						<posx>16</posx>
						<posy>9</posy>
						<width>20</width>
						<height>20</height>
						<texture>tvguide-bullet.png</texture>
					</control>
				</focusedlayout>
			</control>

			<control type="button" id="3005">
				<description>Preview</description>
				<posx>1105</posx>
				<posy>932</posy>
				<width>340</width>
				<height>100</height>
				<align>center</align>
				<aligny>center</aligny>
				<font>font12_title</font>
				<textcolor>white</textcolor>
				<shadowcolor>black</shadowcolor>
				<label>[CAPITALIZE]$ADDON[script.etvguide 30604][/CAPITALIZE]</label>
				<onup>3002</onup>
				<ondown></ondown>
				<onleft>3007</onleft>
				<texturefocus colordiffuse="" border="40">dialogs/dialogbutton-fo.png</texturefocus>
				<texturenofocus colordiffuse="" border="40">dialogs/dialogbutton-nofo.png</texturenofocus>
			</control>
			<control type="button" id="3006">
				<description>Save</description>
				<posx>475</posx>
				<posy>932</posy>
				<width>340</width>
				<height>100</height>
				<align>center</align>
				<aligny>center</aligny>
				<font>font12_title</font>
				<textcolor>white</textcolor>
				<shadowcolor>black</shadowcolor>
				<label>[CAPITALIZE]$ADDON[script.etvguide 30605][/CAPITALIZE]</label>
				<onup>3002</onup>
				<onleft>3001</onleft>
				<onright>3007</onright>
				<texturefocus colordiffuse="" border="40">dialogs/dialogbutton-fo.png</texturefocus>
				<texturenofocus colordiffuse="" border="40">dialogs/dialogbutton-nofo.png</texturenofocus>
			</control>
			<control type="button" id="3007">
				<description>Cancel</description>
				<posx>790</posx>
				<posy>932</posy>
				<width>340</width>
				<height>100</height>
				<align>center</align>
				<aligny>center</aligny>
				<font>font12_title</font>
				<textcolor>white</textcolor>
				<shadowcolor>black</shadowcolor>
				<label>[CAPITALIZE]$ADDON[script.etvguide 30606][/CAPITALIZE]</label>
				<onup>3002</onup>
				<ondown></ondown>
				<onleft>3006</onleft>
				<onright>3005</onright>
				<texturefocus colordiffuse="" border="40">dialogs/dialogbutton-fo.png</texturefocus>
				<texturenofocus colordiffuse="" border="40">dialogs/dialogbutton-nofo.png</texturenofocus>
			</control>
			
			<control type="videowindow">
				<posx>0</posx>
				<posy>60</posy>
				<width>1920</width>
				<height>1080</height>
			</control>
		</control>
	</controls>
</window>