<?xml version="1.0" encoding="utf-8"?>
<window>
	<allowoverlay>no</allowoverlay>
	<coordinates>
		<system>1</system><posx>0</posx><posy>0</posy>
	</coordinates>
			<animation effect="fade" start="100" end="100">WindowOpen</animation>
			<animation effect="fade" start="100" end="0" time="250">WindowClose</animation>
		<controls>
				<control type="image">
					<posx>10000</posx>
					<texture>default.png</texture>
				</control>
					<control type="image">
					<posx>10000</posx>
					<texture>default-przypomnienie.png</texture>
				</control>
					<control type="image">
					<posx>10000</posx>
					<texture>default-nagrywanie.png</texture>
				</control>
					<control type="image">
					<posx>10000</posx>
					<texture>seledynowy.png</texture>
				</control>
					<control type="image">
					<posx>10000</posx>
					<texture>niebieski.png</texture>
				</control>
					<control type="image">
					<posx>10000</posx>
					<texture>zielony.png</texture>
				</control>
					<control type="image">
					<posx>10000</posx>
					<texture>purpurowy.png</texture>
				</control>
					<control type="image">
					<posx>10000</posx>
					<texture>czerwony.png</texture>
				</control>
					<control type="image">
					<posx>10000</posx>
					<texture>zolty.png</texture>
				</control>
					<control type="image">
					<posx>10000</posx>
					<texture>fioletowy.png</texture>
				</control>
					<control type="image">
					<posx>10000</posx>
					<texture>pomaranczowy.png</texture>
				</control>
					<control type="image">
					<posx>10000</posx>
					<texture>dark.png</texture>
				</control>
					<control type="image">
					<posx>10000</posx>
					<texture>default-focus.png</texture>
				</control>
					<control type="image">
					<posx>10000</posx>
					<texture>live.png</texture>
				</control>
				
		<!-- Background -->
		<control type="image" id="4600">
			<posx>0</posx>
			<posy>0</posy>
			<width>1920</width>
			<height>1080</height>
			<texture>tvguide-background-default.jpg</texture>
			<!--<colordiffuse>FF000000</colordiffuse>-->
			<animation type="Conditional" condition="Control.IsVisible(5000)">
			<effect type="fade" start="100" end="0" time="0"/>
			</animation>
		</control>
		
		<!-- Video Background -->
		<control type="videowindow">
			<posx>0</posx>
			<posy>0</posy>
			<width>1920</width>
			<height>1080</height>
			<align>center</align>
			<animation type="Conditional" condition="!Control.IsVisible(5000)">
			</animation>
		</control>
		
		<control type="image">
			<top>150r</top>
			<left>0</left>
			<width>1920</width>
			<height>150</height>
			<texture border="15">dialogs/floor.png</texture>
			<visible>!Control.IsVisible(5000)</visible>
		</control>
		
		<control type="image">
			<left>95</left>
			<top>980</top>
			<width>1740</width>
			<height>64</height>
			<texture border="10">dialogs/contentpanelmirror.png</texture>
			<visible>!Control.IsVisible(5000)</visible>
		</control>
		
		<control type="image">
			<left>120</left>
			<top>166</top>
			<width>1650</width>
			<height>4</height>
			<colordiffuse>88FFFFFF</colordiffuse>
			<texture>dialogs/separator2.png</texture>
			<visible>!Control.IsVisible(5000)</visible>
		</control>

		<control type="image">
			<top>90</top>
			<left>95</left>
			<width>1740</width>
			<height>890</height>
			<texture border="15">dialogs/dialog-bg-wall.png</texture>
			<visible>!Control.IsVisible(5000)</visible>
		</control>
		
		<!-- Menu -->	
		<control type="image">
			<left>15</left>
			<top>10</top>
			<width>180</width>
			<height>74</height>
			<aspectratio aligny="top" align="left">keep</aspectratio>
			<texture>dialogs/logo.png</texture>
			<visible>!Control.IsVisible(5000)</visible>
		</control>

		<control type="label" id="5000">
			<description>visibility marker for TV Guide group</description>
		</control>
		<control type="group">
			<description>TV Guide group</description>
			<posx>0</posx>
			<posy>0</posy>
			<width>1920</width>
			<height>1080</height>
			<visible>!Control.IsVisible(5000)</visible>
			
		<control type="button" id="5001">
			<description>marker for EPG data view - should be hidden!</description>
			<top>181</top>
			<left>440</left>
			<width>1370</width>
			<height>580</height>
			<visible>hidden</visible>
		</control>
		
		<control type="image" id="4100">
			<top>145</top>
			<left>0</left>
			<width>19</width>
			<height>614</height>
			<fadetime>1000</fadetime>
			<texture colordiffuse="FF0084FF" border="0,60,18,14">tvguide-timebar.png</texture>
			<visible>!Control.IsVisible(5000)</visible>
		</control>
					
			<!-- Date and time row -->
				<control type="group">
					<posx>0</posx>
					<posy>0</posy>
					<width>auto</width>
					<height>30</height>
					<visible>!Control.IsVisible(5000)</visible>
				
				<control type="label">
					<description>Time</description>
					<left>1690</left>
					<top>15</top>
					<width>200</width>
					<height>30</height>
					<align>right</align>
					<aligny>center</aligny>
					<font>font28_title</font>
					<textcolor>white</textcolor>
					<shadowcolor>black</shadowcolor>
					<label>$INFO[System.Time]</label>
					<animation effect="slide" start="0,0" end="-40,0" time="75" condition="Player.Muted">conditional</animation>
				</control>
				
				<control type="grouplist">
					<right>30</right>
					<top>55</top>
					<width>1920</width>
					<height>1080</height>
					<itemgap>10</itemgap>
					<orientation>horizontal</orientation>
					<align>right</align>
			
				<control type="label">
					<description>Date label</description>
					<right>0</right>
					<top>0</top>
					<width min="20" max="300">auto</width>
					<height>15</height>
					<align>left</align>
					<aligny>center</aligny>
					<font>font10</font>
					<textcolor>white</textcolor>
					<shadowcolor>black</shadowcolor>
					<label>$INFO[System.Date]</label>
				</control>
			</control>
				
				<control type="label">
					<description>Date label</description>
					<posx>135</posx>
					<posy>117</posy>
					<width>250</width>
					<height>49</height>
					<aligny>center</aligny>
					<font>font12_title</font>
					<textcolor>white</textcolor>
					<shadowcolor>black</shadowcolor>
					<label>$INFO[System.Date]</label>
					</control>
					
				<control type="label" id="4000">
					<visible>false</visible>
				</control>
					</control>
				
				<control type="label" id="4001">
					<description>1st half hour column</description>
					<posx>406</posx>
					<posy>117</posy>
					<width>270</width>
					<height>49</height>
					<textcolor>white</textcolor>
					<shadowcolor>black</shadowcolor>
					<font>font12_title</font>
					<aligny>center</aligny>
					<visible>!Control.IsVisible(5000)</visible>
				</control>
				<control type="label" id="4002">
					<description>2nd half hour column</description>
					<posx>746</posx>
					<posy>117</posy>
					<width>270</width>
					<height>49</height>
					<textcolor>white</textcolor>
					<shadowcolor>black</shadowcolor>
					<font>font12_title</font>
					<aligny>center</aligny>
					<visible>!Control.IsVisible(5000)</visible>
				</control>
				<control type="label" id="4003">
					<description>3rd half hour column</description>
					<posx>1088</posx>
					<posy>117</posy>
					<width>270</width>
					<height>49</height>
					<textcolor>white</textcolor>
					<shadowcolor>black</shadowcolor>
					<font>font12_title</font>
					<aligny>center</aligny>
					<visible>!Control.IsVisible(5000)</visible>
				</control>
				<control type="label" id="4004">
					<description>4th half hour column</description>
					<posx>1430</posx>
					<posy>117</posy>
					<width>270</width>
					<height>49</height>
					<textcolor>white</textcolor>
					<shadowcolor>black</shadowcolor>
					<font>font12_title</font>
					<aligny>center</aligny>
					<visible>!Control.IsVisible(5000)</visible>
				</control>
		
				<!-- Channels column -->
				<control type="group">
					<posx>0</posx>
					<posy>60</posy>
					<width>1920</width>
					<height>1080</height>
					<visible>!Control.IsVisible(5000)</visible>
					
				<control type="button" id="4005">
					<description>Home</description>
					<top>938</top>
					<left>1822</left>
					<width>68</width>
					<height>67</height>
					<visible>true</visible>
					<colordiffuse>white</colordiffuse>
					<texturefocus border="5">dialogs/floor_buttonfo.png</texturefocus>
					<texturenofocus border="5">dialogs/floor_button.png</texturenofocus>
					<label></label>
					<wrapmultiline>false</wrapmultiline>
					<font>font13</font>
					<textcolor>white</textcolor>
					<focusedcolor>white</focusedcolor>
					<disabledcolor>80FFFFFF</disabledcolor>
					<invalidcolor>white</invalidcolor>
					<align>left</align>
					<aligny>center</aligny>
					<textoffsetx>64</textoffsetx>
					<textoffsety>12</textoffsety>
					<textwidth>300</textwidth>
					<onclick>ActivateWindow(Home)</onclick>
					<onfocus>-</onfocus>
					<onunfocus>-</onunfocus>
					<onup>-</onup>
					<ondown>-</ondown>
				</control>
				<control type="image">
					<description>Home</description>
					<top>944</top>
					<left>1829</left>
					<width>54</width>
					<height>54</height>
					<aspectratio>keep</aspectratio>
					<texture>dialogs/icon_home.png</texture>
				</control>
				
				<control type="button" id="4006">
					<description>Back</description>
					<top>938</top>
					<left>1740</left>
					<width>68</width>
					<height>67</height>
					<visible>true</visible>
					<colordiffuse>white</colordiffuse>
					<texturefocus border="5">dialogs/floor_buttonfo.png</texturefocus>
					<texturenofocus border="5">dialogs/floor_button.png</texturenofocus>
					<label></label>
					<wrapmultiline>false</wrapmultiline>
					<font>font13</font>
					<textcolor>white</textcolor>
					<focusedcolor>white</focusedcolor>
					<disabledcolor>80FFFFFF</disabledcolor>
					<invalidcolor>white</invalidcolor>
					<align>left</align>
					<aligny>center</aligny>
					<textoffsetx>64</textoffsetx>
					<textoffsety>26</textoffsety>
					<textwidth>300</textwidth>
					<onclick>ContextMenu</onclick>
					<onfocus>-</onfocus>
					<onunfocus>-</onunfocus>
					<onup>-</onup>
					<ondown>-</ondown>
				</control>
				<control type="image">
					<description>Back</description>
					<top>944</top>
					<left>1747</left>
					<width>54</width>
					<height>54</height>
					<aspectratio>keep</aspectratio>
					<texture>dialogs/icon_back.png</texture>
				</control>

				<!-- Text labels -->
				<control type="label" id="4010">
					<description>1st channel</description>
					<posx>170</posx>
					<posy>121</posy>
					<width>200</width>
					<height>56</height>
					<textcolor>white</textcolor>
					<font>font13</font>
					<align>center</align>
					<aligny>center</aligny>
					<visible>StringCompare(Control.GetLabel(4110),)</visible>
				</control>
				<control type="label" id="4011">
					<description>2nd channel</description>
					<posx>170</posx>
					<posy>179</posy>
					<width>200</width>
					<height>56</height>
					<textcolor>white</textcolor>
					<font>font13</font>
					<align>center</align>
					<aligny>center</aligny>
					<visible>StringCompare(Control.GetLabel(4111),)</visible>
				</control>
				<control type="label" id="4012">
					<description>3rd channel</description>
					<posx>170</posx>
					<posy>237</posy>
					<width>200</width>
					<height>56</height>
					<textcolor>white</textcolor>
					<font>font13</font>
					<align>center</align>
					<aligny>center</aligny>
					<visible>StringCompare(Control.GetLabel(4112),)</visible>
				</control>
				<control type="label" id="4013">
					<description>4th channel</description>
					<posx>170</posx>
					<posy>295</posy>
					<width>200</width>
					<height>56</height>
					<textcolor>white</textcolor>
					<font>font13</font>
					<align>center</align>
					<aligny>center</aligny>
					<visible>StringCompare(Control.GetLabel(4113),)</visible>
				</control>
				<control type="label" id="4014">
					<description>5th channel</description>
					<posx>170</posx>
					<posy>353</posy>
					<width>200</width>
					<height>56</height>
					<textcolor>white</textcolor>
					<font>font13</font>
					<align>center</align>
					<aligny>center</aligny>
					<visible>StringCompare(Control.GetLabel(4114),)</visible>
				</control>
				<control type="label" id="4015">
					<description>6th channel</description>
					<posx>170</posx>
					<posy>411</posy>
					<width>200</width>
					<height>56</height>
					<textcolor>white</textcolor>
					<font>font13</font>
					<align>center</align>
					<aligny>center</aligny>
					<visible>StringCompare(Control.GetLabel(4115),)</visible>
				</control>
				<control type="label" id="4016">
					<description>7th channel</description>
					<posx>170</posx>
					<posy>469</posy>
					<width>200</width>
					<height>56</height>
					<textcolor>white</textcolor>
					<font>font13</font>
					<align>center</align>
					<aligny>center</aligny>
					<visible>StringCompare(Control.GetLabel(4116),)</visible>
				</control>
				<control type="label" id="4017">
					<description>8th channel</description>
					<posx>170</posx>
					<posy>527</posy>
					<width>200</width>
					<height>56</height>
					<textcolor>white</textcolor>
					<font>font13</font>
					<align>center</align>
					<aligny>center</aligny>
					<visible>StringCompare(Control.GetLabel(4117),)</visible>
				</control>
				<control type="label" id="4018">
					<description>9th channel</description>
					<posx>170</posx>
					<posy>585</posy>
					<width>200</width>
					<height>56</height>
					<textcolor>white</textcolor>
					<font>font13</font>
					<align>center</align>
					<aligny>center</aligny>
					<visible>StringCompare(Control.GetLabel(4118),)</visible>
				</control>
				<control type="label" id="4019">
					<description>10th channel</description>
					<posx>170</posx>
					<posy>643</posy>
					<width>200</width>
					<height>56</height>
					<textcolor>white</textcolor>
					<font>font13</font>
					<align>center</align>
					<aligny>center</aligny>
					<visible>StringCompare(Control.GetLabel(4119),)</visible>
				</control>
				<control type="label" id="4020">
					<description>11th channel</description>
					<posx>170</posx>
					<posy>701</posy>
					<width>200</width>
					<height>56</height>
					<textcolor>white</textcolor>
					<font>font13</font>
					<align>center</align>
					<aligny>center</aligny>
					<visible>StringCompare(Control.GetLabel(4120),)</visible>
				</control>
				<!-- logo images -->
				<control type="image" id="4110">
					<description>1st channel</description>
					<posx>195</posx>
					<posy>121</posy>
					<width>150</width>
					<height>56</height>
					<aspectratio>keep</aspectratio>
					<visible>!StringCompare(Control.GetLabel(4110),)</visible>
				</control>
				<control type="image" id="4111">
					<description>2nd channel</description>
					<posx>195</posx>
					<posy>179</posy>
					<width>150</width>
					<height>56</height>
					<aspectratio>keep</aspectratio>
					<visible>!StringCompare(Control.GetLabel(4111),)</visible>
				</control>
				<control type="image" id="4112">
					<description>3rd channel</description>
					<posx>195</posx>
					<posy>237</posy>
					<width>150</width>
					<height>56</height>
					<aspectratio>keep</aspectratio>
					<visible>!StringCompare(Control.GetLabel(4112),)</visible>
				</control>
				<control type="image" id="4113">
					<description>4th channel</description>
					<posx>195</posx>
					<posy>295</posy>
					<width>150</width>
					<height>56</height>
					<aspectratio>keep</aspectratio>
					<visible>!StringCompare(Control.GetLabel(4113),)</visible>
				</control>
				<control type="image" id="4114">
					<description>5th channel</description>
					<posx>195</posx>
					<posy>353</posy>
					<width>150</width>
					<height>56</height>
					<aspectratio>keep</aspectratio>
					<visible>!StringCompare(Control.GetLabel(4114),)</visible>
				</control>
				<control type="image" id="4115">
					<description>6th channel</description>
					<posx>195</posx>
					<posy>411</posy>
					<width>150</width>
					<height>56</height>
					<aspectratio>keep</aspectratio>
					<visible>!StringCompare(Control.GetLabel(4115),)</visible>
				</control>
				<control type="image" id="4116">
					<description>7th channel</description>
					<posx>195</posx>
					<posy>469</posy>
					<width>150</width>
					<height>56</height>
					<aspectratio>keep</aspectratio>
					<visible>!StringCompare(Control.GetLabel(4116),)</visible>
				</control>
				<control type="image" id="4117">
					<description>8th channel</description>
					<posx>195</posx>
					<posy>527</posy>
					<width>150</width>
					<height>56</height>
					<aspectratio>keep</aspectratio>
					<visible>!StringCompare(Control.GetLabel(4117),)</visible>
				</control>
				<control type="image" id="4118">
					<description>9th channel</description>
					<posx>195</posx>
					<posy>585</posy>
					<width>150</width>
					<height>56</height>
					<aspectratio>keep</aspectratio>
					<visible>!StringCompare(Control.GetLabel(4118),)</visible>
				</control>
				<control type="image" id="4119">
					<description>10th channel</description>
					<posx>195</posx>
					<posy>643</posy>
					<width>150</width>
					<height>56</height>
					<aspectratio>keep</aspectratio>
					<visible>!StringCompare(Control.GetLabel(4119),)</visible>
				</control>
				<control type="image" id="4120">
					<description>11th channel</description>
					<posx>195</posx>
					<posy>701</posy>
					<width>150</width>
					<height>56</height>
					<aspectratio>keep</aspectratio>
					<visible>!StringCompare(Control.GetLabel(4120),)</visible>
				</control>
				<!-- logo buttons -->
				<control type="label" id="9010">
					<description>1st channel</description>
					<posx>185</posx>
					<posy>121</posy>
					<width>150</width>
					<height>56</height>
					<textcolor>white</textcolor>
				</control>
				<control type="label" id="9011">
					<description>2nd channel</description>
					<posx>185</posx>
					<posy>214</posy>
					<width>150</width>
					<height>56</height>
					<textcolor>white</textcolor>
				</control>
				<control type="label" id="9012">
					<description>3rd channel</description>
					<posx>185</posx>
					<posy>272</posy>
					<width>150</width>
					<height>56</height>
					<textcolor>white</textcolor>
				</control>
				<control type="label" id="9013">
					<description>4th channel</description>
					<posx>185</posx>
					<posy>330</posy>
					<width>150</width>
					<height>56</height>
					<textcolor>white</textcolor>
				</control>
				<control type="label" id="9014">
					<description>5th channel</description>
					<posx>185</posx>
					<posy>388</posy>
					<width>150</width>
					<height>56</height>
					<textcolor>white</textcolor>
				</control>
				<control type="label" id="9015">
					<description>6th channel</description>
					<posx>185</posx>
					<posy>446</posy>
					<width>150</width>
					<height>56</height>
					<textcolor>white</textcolor>
				</control>
				<control type="label" id="9016">
					<description>7th channel</description>
					<posx>185</posx>
					<posy>504</posy>
					<width>150</width>
					<height>56</height>
					<textcolor>white</textcolor>
				</control>
				<control type="label" id="9017">
					<description>8th channel</description>
					<posx>185</posx>
					<posy>562</posy>
					<width>150</width>
					<height>56</height>
					<textcolor>white</textcolor>
				</control>
				<control type="label" id="9018">
					<description>9th channel</description>
					<posx>185</posx>
					<posy>620</posy>
					<width>150</width>
					<height>56</height>
					<textcolor>white</textcolor>
					<visible>false</visible>
				</control>
				<control type="label" id="9019">
					<description>10th channel</description>
					<posx>185</posx>
					<posy>678</posy>
					<width>150</width>
					<height>56</height>
					<textcolor>white</textcolor>
					<visible>false</visible>
				</control>
				<control type="label" id="9020">
					<description>11th channel</description>
					<posx>185</posx>
					<posy>736</posy>
					<width>150</width>
					<height>56</height>
					<textcolor>white</textcolor>
					<visible>false</visible>
				</control>
			</control>
			
				<control type="grouplist">
					<left>446</left>
					<posy>772</posy>
					<width>1920</width>
					<height>1080</height>
					<itemgap>10</itemgap>
					<orientation>horizontal</orientation>
					<align>left</align>
					<visible>!Control.IsVisible(5000)</visible>

				<control type="label" id="4921">
					<description>Program time</description>
					<left>0</left>
					<posy>0</posy>
					<width min="20" max="260">auto</width>
					<height>50</height>
					<textcolor>FF0084FF</textcolor>
					<font>font12</font>
					<align>left</align>
					<aligny>center</aligny>
					<visible>!Control.IsVisible(5000)</visible>
				</control>
				<control type="label" id="4920">
					<description>Program title</description>
					<left>0</left>
					<posy>0</posy>
					<width min="20" max="630">auto</width>
					<height>50</height>
					<textcolor>FFb4b4b4</textcolor>
					<font>font12</font>
					<align>left</align>
					<aligny>center</aligny>
					<visible>!Control.IsVisible(5000)</visible>
				</control>
			</control>				
				
				<control type="image" id="4924">
					<description>Channel logo</description>
					<posx>10000</posx>
					<posy>0</posy>
					<width>0</width>
					<height>0</height>
					<aspectratio>keep</aspectratio>
					<fadetime>100</fadetime>
					<visible>false</visible>
				</control>
				<control type="image" id="4944">
					<description>Live</description>
					<left>1680</left>
					<top>776</top>
					<width>100</width>
					<height>45</height>
					<aspectratio>keep</aspectratio>
					<fadetime>100</fadetime>
					<visible>!Control.IsVisible(5000)</visible>
				</control>
				<control type="textbox" id="4922">
					<description>Program description</description>
					<posx>446</posx>
					<posy>816</posy>
					<width>1280</width>
					<height>126</height>
					<textcolor>white</textcolor>
					<font>font12</font>
					<wrapmultiline>true</wrapmultiline>
					<autoscroll time="4500" delay="10000" repeat="10000">true</autoscroll>
					<align>left</align>
					<aligny>center</aligny>
					<visible>!Control.IsVisible(5000)</visible>
				</control>
				<control type="image" id="4923">
					<description>Program logo / Source logo</description>
					<posx>155</posx>
					<posy>775</posy>
					<width>225</width>
					<height>180</height>
					<aspectratio>scale</aspectratio>
					<texture>tvguide-logo-epg.png</texture>
					<visible>!Control.IsVisible(5000)</visible>
				</control>
					</control>
				<control type="label" id="4200">
					<description>visibility marker for loading group</description>
				</control>
				<control type="group">
					<posx>0</posx>
					<posy>0</posy>
					<width>1920</width>
					<height>1080</height>
					<visible>!Control.IsVisible(4200) | Control.IsVisible(5000)</visible>
					<animation effect="fade" start="100" end="0" time="0" delay="1500">Visible</animation>

				<control type="image">
					<description>Splash</description>
					<posx>0</posx>
					<posy>0</posy>
					<width>1920</width>
					<height>1080</height>
					<texture>tvguide-background-default.jpg</texture>				
					<!--<colordiffuse>77FFFFFF</colordiffuse>-->
					<visible>!Control.IsVisible(4200)</visible>
				</control>
				<control type="progress" id="4201">
					<left>10000</left>
					<top>0</top>
					<width>0</width>
					<height>0</height>
					<visible>false</visible>
				</control>
				<control type="label" id="4202">
					<left>10000</left>
					<top>0</top>
					<width>0</width>
					<height>0</height>
					<label></label>
					<visible>false</visible>
				</control>
				<control type="button" id="4203">
					<posx>10000</posx>
					<posy>0</posy>
					<width>0</width>
					<height>0</height>
					<label></label>
					<texturefocus></texturefocus>
					<texturenofocus></texturenofocus>
					<visible>false</visible>
				</control>
				<control type="image">
					<left>1614</left>
					<top>967</top>
					<width>282</width>
					<height>90</height>
					<texture border="20">dialogs/overlaydialogbackground.png</texture>
					<visible>!Control.IsVisible(4200)</visible>
				</control>
				<control type="image">
					<description>Busy</description>
					<left>1633</left>
					<top>989</top>
					<width>48</width>
					<height>48</height>
					<texture>busy.png</texture>
					<aspectratio>keep</aspectratio>
					<animation effect="rotate" start="0" end="360" center="auto" time="900" loop="true" condition="true">conditional</animation>
					<visible>!Control.IsVisible(4200)</visible>
				</control>
				<control type="label">
					<description>Busy label</description>
					<left>1697</left>
					<top>1000</top>
					<width>180</width>
					<height>24</height>
					<align>left</align>
					<aligny>center</aligny>
					<label>$LOCALIZE[31004]</label>
					<font>font12</font>
					<visible>!Control.IsVisible(4200)</visible>
				</control>
				<control type="image">
					<left>15</left>
					<top>10</top>
					<width>180</width>
					<height>74</height>
					<aspectratio aligny="top" align="left">keep</aspectratio>
					<texture>dialogs/logo.png</texture>
					<visible>!Control.IsVisible(4200)</visible>
				</control>
				
				<control type="label">
					<description>Time</description>
					<left>1690</left>
					<top>15</top>
					<width>200</width>
					<height>30</height>
					<align>right</align>
					<aligny>center</aligny>
					<font>font28_title</font>
					<textcolor>white</textcolor>
					<shadowcolor>black</shadowcolor>
					<label>$INFO[System.Time]</label>
					<animation effect="slide" start="0,0" end="-40,0" time="75" condition="Player.Muted">conditional</animation>
				</control>
				
				<control type="grouplist">
					<right>30</right>
					<top>55</top>
					<width>1920</width>
					<height>1080</height>
					<itemgap>10</itemgap>
					<orientation>horizontal</orientation>
					<align>right</align>
			
				<control type="label">
					<description>Date label</description>
					<right>0</right>
					<top>0</top>
					<width min="20" max="300">auto</width>
					<height>15</height>
					<align>left</align>
					<aligny>center</aligny>
					<font>font10</font>
					<textcolor>white</textcolor>
					<shadowcolor>black</shadowcolor>
					<label>$INFO[System.Date]</label>
				</control>
			</control>

				<control type="label" id="4300">
					<description>visibility marker for mouse control group</description>
				</control>
					</control>

				<control type="label" id="6000">
					<description>visibility marker for OSD Info bar</description>
				</control>
				<control type="group">
					<description>OSD Info bar</description>
					<posx>0</posx>
					<posy>500</posy>
					<width>1920</width>
					<height>220</height>
					<visible>!Control.IsVisible(6000)</visible>
					<animation effect="fade" start="0" end="100" time="500">VisibleChange</animation>

				<control type="image">
					<left>90</left>
					<top>650</top>
					<width>509</width>
					<height>258</height>
					<texture border="22">dialogs/dialog-bg.png</texture>
				</control>

				<!-- Program description -->
				<control type="label" id="6001">
					<description>Program title</description>
					<posx>570</posx>
					<posy>702</posy>
					<width>430</width>
					<height>50</height>
					<label>18:00 - 20:00</label>
					<textcolor>FFA0A0A0</textcolor>
					<font>font12</font>
					<aligny>center</aligny>
				</control>
				<control type="label" id="6002">
					<description>Program time</description>
					<posx>550</posx>
					<posy>702</posy>
					<width>340</width>
					<height>50</height>
					<label>18:00 - 20:00</label>
					<textcolor>FF0084FF</textcolor>
					<font>font12</font>
					<align>right</align>
					<aligny>center</aligny>
				</control>
				<control type="textbox" id="6003">
					<description>Program description</description>
					<posx>400</posx>
					<posy>746</posy>
					<width>1340</width>
					<height>150</height>
					<textcolor>white</textcolor>
					<font>font10</font>
					<wrapmultiline>true</wrapmultiline>
					<autoscroll time="4500" delay="10000" repeat="10000">true</autoscroll>
				</control>
				<control type="image" id="6004">
					<description>Program channel logo</description>
					<posx>1100</posx>
					<posy>155</posy>
					<width>160</width>
					<height>45</height>
					<aspectratio>keep</aspectratio>
				</control>
				<control type="label" id="6005">
					<description>Program channel text</description>
					<posx>110</posx>
					<posy>155</posy>
					<width>160</width>
					<height>45</height>
					<textcolor>white</textcolor>
					<font>font10</font>
					<align>center</align>
					<visible>StringCompare(Control.GetLabel(6004),)</visible>
				</control>
			</control>
	</controls>
</window>