<?xml version="1.0" encoding="utf-8"?>
<window>
	<allowoverlay>no</allowoverlay>
	<coordinates>
		<system>1</system><posx>0</posx><posy>0</posy>
	</coordinates>
	<controls>
		<control type="image"><posx>10000</posx><texture>czarny.png</texture></control><control type="image"><posx>10000</posx><texture>czerwony.png</texture></control><control type="image"><posx>10000</posx><texture>default.png</texture></control><control type="image"><posx>10000</posx><texture>default-focus.png</texture></control><control type="image"><posx>10000</posx><texture>default-przypomnienie.png</texture></control><control type="image"><posx>10000</posx><texture>fioletowy.png</texture></control><control type="image"><posx>100000</posx><texture>niebieski.png</texture></control><control type="image"><posx>10000</posx><texture>pomaranczowy.png</texture></control><control type="image"><posx>10000</posx><texture>purpurowy.png</texture></control><control type="image"><posx>10000</posx><texture>seledynowy.png</texture></control><control type="image"><posx>100000</posx><texture>zielony.png</texture></control><control type="image"><posx>10000</posx><texture>zolty.png</texture></control><control type="image"><posx>10000</posx><texture>default.png</texture></control><control type="image"><posx>10000</posx><texture>kolorowy.png</texture></control><control type="image"><posx>10000</posx><texture>srebrnoszary.png</texture></control><control type="image"><posx>10000</posx><texture>kolorowyciemny.png</texture></control><control type="image"><posx>10000</posx><texture>dark.png</texture></control><control type="image"><posx>10000</posx><texture>live.png</texture></control>

		<!-- Background -->
		<control type="image" id="4600">
			<posx>0</posx>
			<posy>0</posy>
			<width>1280</width>
			<height>720</height>
			<texture>tvguide-background-default.jpg</texture>
			<fadetime>100</fadetime>
			<!--<colordiffuse>77FFFFFF</colordiffuse>-->
			<animation type="Conditional" condition="Control.IsVisible(5000)">
				<effect type="fade" start="100" end="0" time="100"/>
			</animation>
		</control>
		<control type="image">
			<posx>0</posx>
			<posy>0</posy>
			<width>1280</width>
			<height>720</height>
			<texture>tvguide-background.png</texture>
			<animation type="Conditional" condition="Control.IsVisible(5000)">
				<effect type="fade" start="200" end="0" time="500"/>
			</animation>
		</control>

		<control type="label" id="5000">
			<description>visibility marker for TV Guide group</description>
		</control>
		<control type="group">
			<description>TV Guide group</description>
			<posx>0</posx>
			<posy>0</posy>
			<width>1280</width>
			<height>720</height>
			<visible>!Control.IsVisible(5000)</visible>

			<control type="button" id="5001">
				<description>marker for EPG data view - should be hidden!</description>
				<posx>180</posx>
				<posy>60</posy>
				<width>1080</width>
				<height>452</height>
				<visible>false</visible>
			</control>

			<!-- Date and time row -->
			<control type="group">
				<posx>0</posx>
				<posy>10</posy>
				<width>1280</width>
				<height>50</height>
				<visible>true</visible>

				<control type="label" id="4000">
					<description>Displays todays date</description>
					<posx>0</posx>
					<posy>0</posy>
					<width>180</width>
					<height>48</height>
					<font>font28_title</font>
					<textcolor>white</textcolor>
					<shadowcolor>black</shadowcolor>
					<align>center</align>
					<aligny>center</aligny>
				</control>
				<control type="label" id="4001">
					<description>1st half hour column</description>
					<posx>180</posx>
					<posy>0</posy>
					<width>270</width>
					<height>49</height>
					<textcolor>ffffffff</textcolor>
					<font>font13</font>
					<aligny>center</aligny>
				</control>
				<control type="label" id="4002">
					<description>2nd half hour column</description>
					<posx>455</posx>
					<posy>0</posy>
					<width>270</width>
					<height>49</height>
					<textcolor>ffffffff</textcolor>
					<font>font13</font>
					<aligny>center</aligny>
				</control>
				<control type="label" id="4003">
					<description>3rd half hour column</description>
					<posx>730</posx>
					<posy>0</posy>
					<width>270</width>
					<height>49</height>
					<textcolor>ffffffff</textcolor>
					<font>font13</font>
					<aligny>center</aligny>
				</control>
				<control type="label" id="4004">
					<description>4th half hour column</description>
					<posx>1005</posx>
					<posy>0</posy>
					<width>270</width>
					<height>49</height>
					<textcolor>ffffffff</textcolor>
					<font>font13</font>
					<aligny>center</aligny>
				</control>

				<control type="label" id="4999">
					<description>czas</description>
					<posx>1175</posx>
					<posy>0</posy>
					<width>270</width>
					<height>49</height>
					<aligny>center</aligny>
					<font>font28_title</font>
					<textcolor>white</textcolor>
					<shadowcolor>black</shadowcolor>
					<label>$INFO[System.Time]</label>
				</control>
			</control>

			<!-- Channels column -->
			<control type="group">
				<posx>0</posx>
				<posy>60</posy>
				<width>180</width>
				<height>452</height>
				<visible>true</visible>

				<!-- text labels -->
				<control type="label" id="4010">
					<description>1st channel</description>
					<posx>10</posx>
					<posy>0</posy>
					<width>166</width>
					<height>40</height>
					<textcolor>ffffffff</textcolor>
					<font>font11</font>
					<align>center</align>
					<aligny>center</aligny>
					<visible>StringCompare(Control.GetLabel(4110),)</visible>
				</control>
				<control type="label" id="4011">
					<description>2nd channel</description>
					<posx>10</posx>
					<posy>41</posy>
					<width>166</width>
					<height>40</height>
					<textcolor>ffffffff</textcolor>
					<font>font13</font>
					<align>center</align>
					<aligny>center</aligny>
					<visible>StringCompare(Control.GetLabel(4111),)</visible>
				</control>
				<control type="label" id="4012">
					<description>3rd channel</description>
					<posx>10</posx>
					<posy>82</posy>
					<width>166</width>
					<height>40</height>
					<textcolor>ffffffff</textcolor>
					<font>font13</font>
					<align>center</align>
					<aligny>center</aligny>
					<visible>StringCompare(Control.GetLabel(4112),)</visible>
				</control>
				<control type="label" id="4013">
					<description>4th channel</description>
					<posx>10</posx>
					<posy>123</posy>
					<width>166</width>
					<height>40</height>
					<textcolor>ffffffff</textcolor>
					<font>font13</font>
					<align>center</align>
					<aligny>center</aligny>
					<visible>StringCompare(Control.GetLabel(4113),)</visible>
				</control>
				<control type="label" id="4014">
					<description>5th channel</description>
					<posx>10</posx>
					<posy>164</posy>
					<width>166</width>
					<height>40</height>
					<textcolor>ffffffff</textcolor>
					<font>font13</font>
					<align>center</align>
					<aligny>center</aligny>
					<visible>StringCompare(Control.GetLabel(4114),)</visible>
				</control>
				<control type="label" id="4015">
					<description>6th channel</description>
					<posx>10</posx>
					<posy>205</posy>
					<width>166</width>
					<height>40</height>
					<textcolor>ffffffff</textcolor>
					<font>font13</font>
					<align>center</align>
					<aligny>center</aligny>
					<visible>StringCompare(Control.GetLabel(4115),)</visible>
				</control>
				<control type="label" id="4016">
					<description>7th channel</description>
					<posx>10</posx>
					<posy>246</posy>
					<width>166</width>
					<height>40</height>
					<textcolor>ffffffff</textcolor>
					<font>font13</font>
					<align>center</align>
					<aligny>center</aligny>
					<visible>StringCompare(Control.GetLabel(4116),)</visible>
				</control>
				<control type="label" id="4017">
					<description>8th channel</description>
					<posx>10</posx>
					<posy>287</posy>
					<width>166</width>
					<height>40</height>
					<textcolor>ffffffff</textcolor>
					<font>font13</font>
					<align>center</align>
					<aligny>center</aligny>
					<visible>StringCompare(Control.GetLabel(4117),)</visible>
				</control>
				<control type="label" id="4018">
					<description>9th channel</description>
					<posx>10</posx>
					<posy>328</posy>
					<width>166</width>
					<height>40</height>
					<textcolor>ffffffff</textcolor>
					<font>font13</font>
					<align>center</align>
					<aligny>center</aligny>
					<visible>StringCompare(Control.GetLabel(4118),)</visible>
				</control>
				<control type="label" id="4019">
					<description>10th channel</description>
					<posx>10</posx>
					<posy>369</posy>
					<width>166</width>
					<height>40</height>
					<textcolor>ffffffff</textcolor>
					<font>font13</font>
					<align>center</align>
					<aligny>center</aligny>
					<visible>StringCompare(Control.GetLabel(4119),)</visible>
				</control>
				<control type="label" id="4020">
					<description>11th channel</description>
					<posx>10</posx>
					<posy>410</posy>
					<width>166</width>
					<height>40</height>
					<textcolor>ffffffff</textcolor>
					<font>font13</font>
					<align>center</align>
					<aligny>center</aligny>
					<visible>StringCompare(Control.GetLabel(4120),)</visible>
				</control>
				<!-- logo images -->
				<control type="image" id="4110">
					<description>1st channel</description>
					<posx>36</posx>
					<posy>2</posy>
					<width>108</width>
					<height>32</height>
					<aspectratio>keep</aspectratio>
					<visible>!StringCompare(Control.GetLabel(4110),)</visible>
				</control>
				<control type="image" id="4111">
					<description>2nd channel</description>
					<posx>36</posx>
					<posy>44</posy>
					<width>108</width>
					<height>32</height>
					<aspectratio>keep</aspectratio>
					<visible>!StringCompare(Control.GetLabel(4111),)</visible>
				</control>
				<control type="image" id="4112">
					<description>3rd channel</description>
					<posx>36</posx>
					<posy>85</posy>
					<width>108</width>
					<height>32</height>
					<aspectratio>keep</aspectratio>
					<visible>!StringCompare(Control.GetLabel(4112),)</visible>
				</control>
				<control type="image" id="4113">
					<description>4th channel</description>
					<posx>36</posx>
					<posy>126</posy>
					<width>108</width>
					<height>32</height>
					<aspectratio>keep</aspectratio>
					<visible>!StringCompare(Control.GetLabel(4113),)</visible>
				</control>
				<control type="image" id="4114">
					<description>5th channel</description>
					<posx>36</posx>
					<posy>167</posy>
					<width>108</width>
					<height>32</height>
					<aspectratio>keep</aspectratio>
					<visible>!StringCompare(Control.GetLabel(4114),)</visible>
				</control>
				<control type="image" id="4115">
					<description>6th channel</description>
					<posx>36</posx>
					<posy>208</posy>
					<width>108</width>
					<height>32</height>
					<aspectratio>keep</aspectratio>
					<visible>!StringCompare(Control.GetLabel(4115),)</visible>
				</control>
				<control type="image" id="4116">
					<description>7th channel</description>
					<posx>36</posx>
					<posy>249</posy>
					<width>108</width>
					<height>32</height>
					<aspectratio>keep</aspectratio>
					<visible>!StringCompare(Control.GetLabel(4116),)</visible>
				</control>
				<control type="image" id="4117">
					<description>8th channel</description>
					<posx>36</posx>
					<posy>290</posy>
					<width>108</width>
					<height>32</height>
					<aspectratio>keep</aspectratio>
					<visible>!StringCompare(Control.GetLabel(4117),)</visible>
				</control>
				<control type="image" id="4118">
					<description>9th channel</description>
					<posx>36</posx>
					<posy>331</posy>
					<width>108</width>
					<height>32</height>
					<aspectratio>keep</aspectratio>
					<visible>!StringCompare(Control.GetLabel(4118),)</visible>
				</control>
				<control type="image" id="4119">
					<description>10th channel</description>
					<posx>36</posx>
					<posy>372</posy>
					<width>108</width>
					<height>32</height>
					<aspectratio>keep</aspectratio>
					<visible>!StringCompare(Control.GetLabel(4119),)</visible>
				</control>
				<control type="image" id="4120">
					<description>11th channel</description>
					<posx>36</posx>
					<posy>413</posy>
					<width>108</width>
					<height>32</height>
					<aspectratio>keep</aspectratio>
					<visible>!StringCompare(Control.GetLabel(4120),)</visible>
				</control>
								<!-- logo buttons -->
				<control type="button" id="9010">
					<description>1st channel</description>
					<posx>22</posx>
					<posy>1</posy>
					<width>140</width>
					<height>35</height>
					<texturefocus>tvguide-program-grey-focus_logo.png</texturefocus>
					<texturenofocus>tvguide-program-grey_logo.png</texturenofocus>
				</control>
				<control type="button" id="9011">
					<description>2nd channel</description>
					<posx>22</posx>
					<posy>42</posy>
					<width>140</width>
					<height>35</height>
					<texturefocus>tvguide-program-grey-focus_logo.png</texturefocus>
					<texturenofocus>tvguide-program-grey_logo.png</texturenofocus>
				</control>
				<control type="button" id="9012">
					<description>3rd channel</description>
					<posx>22</posx>
					<posy>83</posy>
					<width>140</width>
					<height>35</height>
					<texturefocus>tvguide-program-grey-focus_logo.png</texturefocus>
					<texturenofocus>tvguide-program-grey_logo.png</texturenofocus>
				</control>
				<control type="button" id="9013">
					<description>4th channel</description>
					<posx>22</posx>
					<posy>124</posy>
					<width>140</width>
					<height>35</height>
					<texturefocus>tvguide-program-grey-focus_logo.png</texturefocus>
					<texturenofocus>tvguide-program-grey_logo.png</texturenofocus>
				</control>
				<control type="button" id="9014">
					<description>5th channel</description>
					<posx>22</posx>
					<posy>165</posy>
					<width>140</width>
					<height>35</height>
					<texturefocus>tvguide-program-grey-focus_logo.png</texturefocus>
					<texturenofocus>tvguide-program-grey_logo.png</texturenofocus>
				</control>
				<control type="button" id="9015">
					<description>6th channel</description>
					<posx>22</posx>
					<posy>206</posy>
					<width>140</width>
					<height>35</height>
					<texturefocus>tvguide-program-grey-focus_logo.png</texturefocus>
					<texturenofocus>tvguide-program-grey_logo.png</texturenofocus>
				</control>
				<control type="button" id="9016">
					<description>7th channel</description>
					<posx>22</posx>
					<posy>247</posy>
					<width>140</width>
					<height>35</height>
					<texturefocus>tvguide-program-grey-focus_logo.png</texturefocus>
					<texturenofocus>tvguide-program-grey_logo.png</texturenofocus>
				</control>
				<control type="button" id="9017">
					<description>8th channel</description>
					<posx>22</posx>
					<posy>288</posy>
					<width>140</width>
					<height>35</height>
					<texturefocus>tvguide-program-grey-focus_logo.png</texturefocus>
					<texturenofocus>tvguide-program-grey_logo.png</texturenofocus>
				</control>
				<control type="button" id="9018">
					<description>9th channel</description>
					<posx>22</posx>
					<posy>329</posy>
					<width>140</width>
					<height>35</height>
					<texturefocus>tvguide-program-grey-focus_logo.png</texturefocus>
					<texturenofocus>tvguide-program-grey_logo.png</texturenofocus>
				</control>
				<control type="button" id="9019">
					<description>10th channel</description>
					<posx>22</posx>
					<posy>370</posy>
					<width>140</width>
					<height>35</height>
					<texturefocus>tvguide-program-grey-focus_logo.png</texturefocus>
					<texturenofocus>tvguide-program-grey_logo.png</texturenofocus>
				</control>
				<control type="button" id="9020">
					<description>11th channel</description>
					<posx>22</posx>
					<posy>411</posy>
					<width>140</width>
					<height>35</height>
					<texturefocus>tvguide-program-grey-focus_logo.png</texturefocus>
					<texturenofocus>tvguide-program-grey_logo.png</texturenofocus>
				</control>
			</control>

			<control type="label" id="4920">
				<description>Program title</description>
				<posx>120</posx>
				<posy>506</posy>
				<width>568</width>
				<height>50</height>
				<textcolor>FFFFFAFA</textcolor>
				<font>font12</font>
				<aligny>center</aligny>
			</control>
			<control type="image" id="4924">
				<description>Channel logo</description>
				<posx>27</posx>
				<posy>519</posy>
				<width>80</width>
				<height>24</height>
				<aspectratio>keep</aspectratio>
				<fadetime>100</fadetime>
				<visible>true</visible>
			</control>

			<control type="image" id="4944">
				<description>Live</description>
				<posx>690</posx>
				<posy>523</posy>
				<width>80</width>
				<height>18</height>
				<aspectratio>keep</aspectratio>
				<fadetime>100</fadetime>
				<visible>true</visible>
			</control>
			<control type="label" id="4921">
				<description>Program time</description>
				<posx>910</posx>
				<posy>506</posy>
				<width>340</width>
				<height>50</height>
				<textcolor>white</textcolor>
				<font>font11</font>
				<align>right</align>
				<aligny>center</aligny>
			</control>
			<control type="textbox" id="4922">
				<description>Program description</description>
				<posx>29</posx>
				<posy>550</posy>
				<width>884</width>
				<height>149</height>
				<textcolor>ffffffff</textcolor>
				<font>font12</font>
				<wrapmultiline>true</wrapmultiline>
				<autoscroll time="3500" delay="4500" repeat="10000">true</autoscroll>
			</control>
			<control type="image" id="4923">
				<description>Program logo / Source logo</description>
				<posx>940</posx>
				<posy>520</posy>
				<width>320</width>
				<height>180</height>
				<aspectratio>keep</aspectratio>
				<fadetime>100</fadetime>
				<texture>tvguide-logo-epg.png</texture>
				<visible>!Player.Playing</visible>
			</control>
			<control type="label">
				<description>time label</description>
				<posx>1145</posx>
				<posy>595</posy>
				<width>200</width>
				<height>30</height>
				<align>right</align>
				<aligny>center</aligny>
				<font>font45caps_title</font>
				<textcolor>white</textcolor>
				<shadowcolor>black</shadowcolor>
				<label>$INFO[System.Time]</label>
				<visible>False</visible>
			</control>

			<control type="image" id="4100">
				<posx>180</posx>
				<posy>0</posy>
				<width>2</width>
				<height>515</height>
				<texture>tvguide-timebar.png</texture>
			</control>

			<control type="label" id="4200">
				<description>visibility marker for loading group</description>
			</control>
			<control type="group">
				<posx>340</posx>
				<posy>250</posy>
				<width>600</width>
				<height>55</height>
				<visible>!Control.IsVisible(4200)</visible>
				<animation effect="fade" start="0" end="100" time="250" delay="1500">Visible</animation>

				<control type="image">
					<description>loading splash</description>
					<posx>0</posx>
					<posy>0</posy>
					<width>55</width>
					<height>55</height>
					<texture>tvguide-loading.gif</texture>
				</control>
				<control type="label">
					<description>loading splash</description>
					<posx>70</posx>
					<posy>0</posy>
					<width>600</width>
					<height>55</height>
					<label>$ADDON[script.etvguide 30001]</label>
					<textcolor>ffffffff</textcolor>
					<font>font30</font>
					<aligny>center</aligny>
				</control>
				<control type="progress" id="4201">
					<posx>70</posx>
					<posy>50</posy>
					<width>580</width>
					<height>2</height>
					<texturebg/>
					<lefttexture/>
					<midtexture>tvguide-white-progress.png</midtexture>
					<righttexture/>
				</control>
				<control type="label" id="4202">
					<description>loading time left</description>
					<posx>70</posx>
					<posy>50</posy>
					<width>600</width>
					<height>50</height>
					<label>...</label>
					<textcolor>ffffffff</textcolor>
					<font>font13</font>
					<aligny>center</aligny>
				</control>
				<control type="button" id="4203">
					<posx>70</posx>
					<posy>100</posy>
					<width>150</width>
					<height>50</height>
					<label>$ADDON[script.etvguide 30008]</label>
					<textcolor>ffffffff</textcolor>
					<font>font13</font>
					<aligny>center</aligny>
					<align>center</align>
					<texturefocus>tvguide-program-grey-focus.png</texturefocus>
					<texturenofocus>tvguide-program-grey.png</texturenofocus>
				</control>
			</control>

			<control type="label" id="4300">
				<description>visibility marker for mouse control group</description>
				<posx>0</posx>
				<posy>0</posy>
				<width>30</width>
				<height>40</height>
			</control>
			<control type="group">
				<posx>0</posx>
				<posy>720</posy>
				<width>1280</width>
				<height>36</height>
				<visible>!Control.IsVisible(4300)</visible>
				<animation effect="slide" start="0,0" end="0,-36" time="400">Visible</animation>
				<animation effect="slide" start="0,-36" end="0,0" time="500">Hidden</animation>
				<control type="image">
					<posx>0</posx>
					<posy>0</posy>
					<width>1280</width>
					<height>36</height>
					<texture>tvguide-glasspane.png</texture>
				</control>
				<control type="label">
					<posx>0</posx>
					<posy>5</posy>
					<width>140</width>
					<height>26</height>
					<label>$ADDON[script.etvguide 30005]</label>
					<textcolor>cyan</textcolor>
					<shadowcolor>black</shadowcolor>
					<font>font12_title</font>
					<align>center</align>
					<aligny>center</aligny>
				</control>
				<control type="label">
					<posx>760</posx>
					<posy>5</posy>
					<width>420</width>
					<height>26</height>
					<label>$ADDON[script.etvguide 30007]</label>
					<textcolor>cyan</textcolor>
					<shadowcolor>black</shadowcolor>
					<font>font12</font>
					<align>center</align>
					<aligny>center</aligny>
				</control>
				<control type="button" id="4301">
					<description>navigate to now</description>
					<posx>200</posx>
					<posy>5</posy>
					<width>100</width>
					<height>26</height>
					<label>$ADDON[script.etvguide 30006]</label>
					<textcolor>white</textcolor>
					<font>font12</font>
					<aligny>center</aligny>
					<align>center</align>
					<texturefocus>tvguide-program-grey-focus.png</texturefocus>
					<texturenofocus>tvguide-program-grey.png</texturenofocus>
				</control>
				<control type="button" id="4302">
					<description>navigate left</description>
					<posx>340</posx>
					<posy>5</posy>
					<width>100</width>
					<height>26</height>
					<textcolor>white</textcolor>
					<font>font12_title</font>
					<label>&lt;</label>
					<aligny>center</aligny>
					<align>center</align>
					<texturefocus>tvguide-program-grey-focus.png</texturefocus>
					<texturenofocus>tvguide-program-grey.png</texturenofocus>
				</control>
				<control type="button" id="4303">
					<description>navigate up</description>
					<posx>450</posx>
					<posy>5</posy>
					<width>100</width>
					<height>26</height>
					<textcolor>white</textcolor>
					<font>font22_title</font>
					<label>^</label>
					<aligny>center</aligny>
					<align>center</align>
					<texturefocus>tvguide-program-grey-focus.png</texturefocus>
					<texturenofocus>tvguide-program-grey.png</texturenofocus>
				</control>
				<control type="button" id="4304">
					<description>navigate down</description>
					<posx>560</posx>
					<posy>5</posy>
					<width>100</width>
					<height>26</height>
					<textcolor>white</textcolor>
					<font>font12_title</font>
					<label>v</label>
					<aligny>center</aligny>
					<align>center</align>
					<texturefocus>tvguide-program-grey-focus.png</texturefocus>
					<texturenofocus>tvguide-program-grey.png</texturenofocus>
				</control>
				<control type="button" id="4305">
					<description>navigate right</description>
					<posx>670</posx>
					<posy>5</posy>
					<width>100</width>
					<height>26</height>
					<textcolor>white</textcolor>
					<font>font12_title</font>
					<label>&gt;</label>
					<aligny>center</aligny>
					<align>center</align>
					<texturefocus>tvguide-program-grey-focus.png</texturefocus>
					<texturenofocus>tvguide-program-grey.png</texturenofocus>
				</control>
				<control type="button" id="4306">
					<description>exit</description>
					<posx>1220</posx>
					<posy>5</posy>
					<width>50</width>
					<height>26</height>
					<textcolor>white</textcolor>
					<font>font12_title</font>
					<label>X</label>
					<aligny>center</aligny>
					<align>center</align>
					<texturefocus>tvguide-program-grey-focus.png</texturefocus>
					<texturenofocus>tvguide-program-grey.png</texturenofocus>
				</control>

			</control>
		</control><!-- id="5000" -->

		<control type="videowindow">
			<posx>0</posx>
			<posy>0</posy>
			<width>1280</width>
			<height>720</height>
			<animation type="Conditional" condition="!Control.IsVisible(5000)">
				<effect type="zoom" end="25" center="1250,690" time="500"/>
			</animation>
		</control>

		<control type="label" id="6000">
			<description>visibility marker for OSD Info bar</description>
		</control>
		<control type="group">
			<description>OSD Info bar</description>
			<posx>0</posx>
			<posy>500</posy>
			<width>1280</width>
			<height>220</height>
			<visible>!Control.IsVisible(6000)</visible>
			<animation effect="fade" start="0" end="100" time="500">VisibleChange</animation>

			<control type="image">
				<posx>0</posx>
				<posy>0</posy>
				<width>1280</width>
				<height>220</height>
				<texture>tvguide-glasspane.png</texture>
			</control>

			<!-- Program description -->
			<control type="label" id="6001">
				<description>Program title</description>
				<posx>30</posx>
				<posy>10</posy>
				<width>850</width>
				<height>50</height>
				<label>Title</label>
				<textcolor>FFFFFAFA</textcolor>
				<font>font12</font>
				<aligny>center</aligny>
				<autoscroll time="3500" delay="2500" repeat="10000">true</autoscroll>
			</control>
			<control type="label" id="6002">
				<description>Program time</description>
				<posx>1230</posx>
				<posy>10</posy>
				<width>240</width>
				<height>50</height>
				<label>[B]18:00 - 20:00[/B]</label>
				<textcolor>ffffffff</textcolor>
				<font>font12</font>
				<align>right</align>
				<aligny>center</aligny>
			</control>
			<control type="textbox" id="6003">
				<description>Program description</description>
				<posx>30</posx>
				<posy>50</posy>
				<width>1230</width>
				<height>149</height>
				<label>Description</label>
				<textcolor>ffffffff</textcolor>
				<font>font12</font>
				<wrapmultiline>true</wrapmultiline>
				<autoscroll time="3600" delay="6000" repeat="6000">true</autoscroll>
			</control>
			<control type="image" id="6004">
				<description>Program channel logo</description>
				<posx>1100</posx>
				<posy>155</posy>
				<width>160</width>
				<height>45</height>
				<aspectratio>keep</aspectratio>
			</control>
			<control type="label" id="6005">
				<description>Program channel text</description>
				<posx>110</posx>
				<posy>155</posy>
				<width>160</width>
				<height>45</height>
				<textcolor>ffffffff</textcolor>
				<font>font12</font>
				<align>center</align>
				<visible>StringCompare(Control.GetLabel(6004),)</visible>
			</control>
		</control>
	</controls>
</window>
