<window>
	<defaultcontrol always="false">9001</defaultcontrol>
	<zorder>0</zorder>
	<coordinates>
		<system>1</system><posx>640</posx><posy>225</posy>
	</coordinates>
		<animation effect="fade" start="100" end="100" time="250">WindowOpen</animation>
		<animation effect="fade" end="100" start="100" time="200">WindowClose</animation>
	<controls>
	<ondown>9002</ondown>
		<control type="image">
			<posx>-540</posx>
			<posy>-15</posy>
			<width>1720</width>
			<height>720</height>
			<texture border="40">dialogs/dialog-bg-solid.png</texture>
		</control>
		<control type="image">
			<posx>-212</posx>
			<posy>-20</posy>
			<width>1104</width>
			<height>732</height>
			<texture>dialogs/dialog-bg-back.png</texture>
		</control>
		<control type="button">
			<posx>-519</posx>
			<posy>-14</posy>
			<width>320</width>
			<height>120</height>
			<label>$ADDON[script.etvguide 31002]</label>
			<align>center</align>
			<aligny>center</aligny>
			<font>font12_title</font>
			<textcolor>FFF0F0F0</textcolor>
			<shadowcolor>22000000</shadowcolor>
			<focusedcolor>FFF0F0F0</focusedcolor>
			<texturefocus border="40" colordiffuse="FF12B2E7">dialogs/dialogbutton-fo.png</texturefocus>
			<texturenofocus border="40">dialogs/dialogbutton-nofo.png</texturenofocus>
		</control>
		<control type="image">
			<posx>-540</posx>
			<posy>-85</posy>
			<width>1720</width>
			<height>70</height>
			<texture colordiffuse="FF1788AD">dialogs/dialog-bg-key.png</texture>
		</control>
		<control type="label" id="1">
			<description>header label</description>
			<posx>-500</posx>
			<posy>-65</posy>
			<width>555</width>
			<height>30</height>
			<font>font20_title</font>
			<label>$ADDON[script.etvguide 31002] - m-TVGuide [COLOR gold][B]EPG[/B][/COLOR]</label>
			<align>left</align>
			<aligny>center</aligny>
			<textcolor>FFF0F0F0</textcolor>
			<shadowcolor>FF000000</shadowcolor>
		</control>
		<control type="button" id="9001">
			<posx>400</posx>
			<posy>50</posy>
			<width>260</width>
			<height>80</height>
			<align>center</align>
			<aligny>center</aligny>
			<font>font12_title</font>
			<textcolor>FFF0F0F0</textcolor>
			<label>[CAPITALIZE][LOWERCASE]$ADDON[script.etvguide 31003][/LOWERCASE][/CAPITALIZE]</label>
			<ondown>9002</ondown>
			<onright>9099</onright>
			<texturefocus border="40" colordiffuse="FF12B2E7">dialogs/dialogbutton-fo.png</texturefocus>
			<texturenofocus border="40">dialogs/dialogbutton-nofo.png</texturenofocus>
		</control>
		<control type="label" id="8001">
			<posx>45</posx>
			<posy>50</posy>
			<width>260</width>
			<height>80</height>
			<aligny>center</aligny>
			<label>$ADDON[script.etvguide 31009]</label>
			<font>font12</font>
		</control>
		<control type="label" id="7001">
			<posx>280</posx>
			<posy>50</posy>
			<width>260</width>
			<height>80</height>
			<aligny>center</aligny>
			<label>0</label>
			<font>font12</font>
			<textcolor>FF11E7B1</textcolor>
		</control>
		<control type="button" id="9002">
			<posx>400</posx>
			<posy>100</posy>
			<width>260</width>
			<height>80</height>
			<align>center</align>
			<aligny>center</aligny>
			<font>font12_title</font>
			<textcolor>FFF0F0F0</textcolor>
			<label>[CAPITALIZE][LOWERCASE]$ADDON[script.etvguide 31003][/LOWERCASE][/CAPITALIZE]</label>
			<onup>9001</onup>
			<ondown>9003</ondown>
			<onright>9099</onright>
			<texturefocus border="40" colordiffuse="FF12B2E7">dialogs/dialogbutton-fo.png</texturefocus>
			<texturenofocus border="40">dialogs/dialogbutton-nofo.png</texturenofocus>
		</control>
		<control type="label" id="8002">
			<posx>45</posx>
			<posy>100</posy>
			<width>260</width>
			<height>80</height>
			<aligny>center</aligny>
			<label>$ADDON[script.etvguide 31008]</label>
			<font>font12</font>
		</control>
		<control type="label" id="7002">
			<posx>280</posx>
			<posy>100</posy>
			<width>260</width>
			<height>80</height>
			<aligny>center</aligny>
			<label>0</label>
			<font>font12</font>
			<textcolor>FF11E7B1</textcolor>
		</control>
		<control type="button" id="9003">
			<posx>400</posx>
			<posy>150</posy>
			<width>260</width>
			<height>80</height>
			<align>center</align>
			<aligny>center</aligny>
			<font>font12_title</font>
			<textcolor>FFF0F0F0</textcolor>
			<label>[CAPITALIZE][LOWERCASE]$ADDON[script.etvguide 31003][/LOWERCASE][/CAPITALIZE]</label>
			<onup>9002</onup>
			<ondown>9004</ondown>
			<onright>9099</onright>
			<texturefocus border="40" colordiffuse="FF12B2E7">dialogs/dialogbutton-fo.png</texturefocus>
			<texturenofocus border="40">dialogs/dialogbutton-nofo.png</texturenofocus>
		</control>
		<control type="label" id="8003">
			<posx>45</posx>
			<posy>150</posy>
			<width>260</width>
			<height>80</height>
			<aligny>center</aligny>
			<label>$ADDON[script.etvguide 31007]</label>
			<font>font12</font>
		</control>
		<control type="label" id="7003">
			<posx>280</posx>
			<posy>150</posy>
			<width>260</width>
			<height>80</height>
			<aligny>center</aligny>
			<label>0</label>
			<font>font12</font>
			<textcolor>FF11E7B1</textcolor>
		</control>
		<control type="button" id="9004">
			<posx>400</posx>
			<posy>200</posy>
			<width>260</width>
			<height>80</height>
			<align>center</align>
			<aligny>center</aligny>
			<font>font12_title</font>
			<textcolor>FFF0F0F0</textcolor>
			<label>[CAPITALIZE][LOWERCASE]$ADDON[script.etvguide 31003][/LOWERCASE][/CAPITALIZE]</label>
			<onup>9003</onup>
			<ondown>9009</ondown>
			<onright>9099</onright>
			<texturefocus border="40" colordiffuse="FF12B2E7">dialogs/dialogbutton-fo.png</texturefocus>
			<texturenofocus border="40">dialogs/dialogbutton-nofo.png</texturenofocus>
		</control>
		<control type="label" id="8004">
			<posx>45</posx>
			<posy>200</posy>
			<width>260</width>
			<height>80</height>
			<aligny>center</aligny>
			<label>$ADDON[script.etvguide 31006]</label>
			<font>font12</font>
		</control>
		<control type="label" id="7004">
			<posx>280</posx>
			<posy>200</posy>
			<width>260</width>
			<height>80</height>
			<aligny>center</aligny>
			<label>0</label>
			<font>font12</font>
			<textcolor>FF11E7B1</textcolor>
		</control>		
		<control type="button" id="9009">
			<posx>400</posx>
			<posy>250</posy>
			<width>260</width>
			<height>80</height>
			<align>center</align>
			<aligny>center</aligny>
			<font>font12_title</font>
			<textcolor>FFF0F0F0</textcolor>
			<label>[CAPITALIZE][LOWERCASE]$ADDON[script.etvguide 31003][/LOWERCASE][/CAPITALIZE]</label>
			<onup>9004</onup>
			<ondown>9010</ondown>
			<onright>9099</onright>
			<texturefocus border="40" colordiffuse="FF12B2E7">dialogs/dialogbutton-fo.png</texturefocus>
			<texturenofocus border="40">dialogs/dialogbutton-nofo.png</texturenofocus>
		</control>
		<control type="label" id="8009">
			<posx>45</posx>
			<posy>250</posy>
			<width>260</width>
			<height>80</height>
			<aligny>center</aligny>
			<label>$ADDON[script.etvguide 31015]</label>
			<font>font12</font>
		</control>
		<control type="label" id="7009">
			<posx>280</posx>
			<posy>250</posy>
			<width>260</width>
			<height>80</height>
			<aligny>center</aligny>
			<label>0</label>
			<font>font12</font>
			<textcolor>FF11E7B1</textcolor>
		</control>
		<control type="button" id="9010">
			<posx>400</posx>
			<posy>300</posy>
			<width>260</width>
			<height>80</height>
			<align>center</align>
			<aligny>center</aligny>
			<font>font12_title</font>
			<textcolor>FFF0F0F0</textcolor>
			<label>[CAPITALIZE][LOWERCASE]$ADDON[script.etvguide 31003][/LOWERCASE][/CAPITALIZE]</label>
			<onup>9009</onup>
			<ondown>9005</ondown>
			<onright>9099</onright>
			<texturefocus border="40" colordiffuse="FF12B2E7">dialogs/dialogbutton-fo.png</texturefocus>
			<texturenofocus border="40">dialogs/dialogbutton-nofo.png</texturenofocus>
		</control>
		<control type="label" id="8010">
			<posx>45</posx>
			<posy>300</posy>
			<width>260</width>
			<height>80</height>
			<aligny>center</aligny>
			<label>$ADDON[script.etvguide 31016]</label>
			<font>font12</font>
		</control>
		<control type="label" id="7010">
			<posx>280</posx>
			<posy>300</posy>
			<width>260</width>
			<height>80</height>
			<aligny>center</aligny>
			<label>0</label>
			<font>font12</font>
			<textcolor>FF11E7B1</textcolor>
		</control>
		<control type="button" id="9005">
			<posx>400</posx>
			<posy>350</posy>
			<width>260</width>
			<height>80</height>
			<align>center</align>
			<aligny>center</aligny>
			<font>font12_title</font>
			<textcolor>FFF0F0F0</textcolor>
			<label>[CAPITALIZE][LOWERCASE]$ADDON[script.etvguide 31003][/LOWERCASE][/CAPITALIZE]</label>
			<onup>9010</onup>
			<ondown>9006</ondown>
			<onright>9099</onright>
			<texturefocus border="40" colordiffuse="FF12B2E7">dialogs/dialogbutton-fo.png</texturefocus>
			<texturenofocus border="40">dialogs/dialogbutton-nofo.png</texturenofocus>
		</control>
		<control type="label" id="8005">
			<posx>45</posx>
			<posy>350</posy>
			<width>260</width>
			<height>80</height>
			<aligny>center</aligny>
			<label>$ADDON[script.etvguide 31005]</label>
			<font>font12</font>
		</control>
		<control type="label" id="7005">
			<posx>280</posx>
			<posy>350</posy>
			<width>260</width>
			<height>80</height>
			<aligny>center</aligny>
			<label>0</label>
			<font>font12</font>
			<textcolor>FF11E7B1</textcolor>
		</control>
		<control type="button" id="9006">
			<posx>400</posx>
			<posy>400</posy>
			<width>260</width>
			<height>80</height>
			<align>center</align>
			<aligny>center</aligny>
			<font>font12_title</font>
			<textcolor>FFF0F0F0</textcolor>
			<label>[CAPITALIZE][LOWERCASE]$ADDON[script.etvguide 31003][/LOWERCASE][/CAPITALIZE]</label>
			<onup>9005</onup>
			<ondown>9007</ondown>
			<onright>9099</onright>
			<texturefocus border="40" colordiffuse="FF12B2E7">dialogs/dialogbutton-fo.png</texturefocus>
			<texturenofocus border="40">dialogs/dialogbutton-nofo.png</texturenofocus>
		</control>
		<control type="label" id="8006">
			<posx>45</posx>
			<posy>385</posy>
			<width>260</width>
			<height>80</height>
			<aligny>center</aligny>
			<label>$ADDON[script.etvguide 31010]</label>
			<font>font12</font>
		</control>
		<control type="label" id="8016">
			<posx>45</posx>
			<posy>415</posy>
			<width>260</width>
			<height>80</height>
			<aligny>center</aligny>
			<label>$ADDON[script.etvguide 31014]</label>
			<font>font12</font>
			<textcolor>40FFFFFF</textcolor>
		</control>
		<control type="label" id="7006">
			<posx>280</posx>
			<posy>400</posy>
			<width>260</width>
			<height>80</height>
			<aligny>center</aligny>
			<label>0</label>
			<font>font12</font>
			<textcolor>FF11E7B1</textcolor>
		</control>
		<control type="button" id="9007">
			<posx>400</posx>
			<posy>450</posy>
			<width>260</width>
			<height>80</height>
			<align>center</align>
			<aligny>center</aligny>
			<font>font12_title</font>
			<textcolor>FFF0F0F0</textcolor>
			<label>[CAPITALIZE][LOWERCASE]$ADDON[script.etvguide 31003][/LOWERCASE][/CAPITALIZE]</label>
			<onup>9006</onup>
			<onright>9099</onright>
			<texturefocus border="40" colordiffuse="FF12B2E7">dialogs/dialogbutton-fo.png</texturefocus>
			<texturenofocus border="40">dialogs/dialogbutton-nofo.png</texturenofocus>
		</control>
		<control type="label" id="8007">
			<posx>45</posx>
			<posy>450</posy>
			<width>260</width>
			<height>80</height>
			<aligny>center</aligny>
			<label>$ADDON[script.etvguide 31011]</label>
			<font>font12</font>
		</control>
		<control type="label" id="7007">
			<posx>280</posx>
			<posy>450</posy>
			<width>260</width>
			<height>80</height>
			<aligny>center</aligny>
			<label>0</label>
			<font>font12</font>
			<textcolor>FF11E7B1</textcolor>
		</control>
		<control type="button" id="9008">
			<description>Reset</description>
			<posx>871</posx>
			<posy>61</posy>
			<width>300</width>
			<height>90</height>
			<align>center</align>
			<aligny>center</aligny>
			<font>font12_title</font>
			<textcolor>FFF0F0F0</textcolor>
			<shadowcolor>22000000</shadowcolor>
			<focusedcolor>FFF0F0F0</focusedcolor>
			<label>[CAPITALIZE][LOWERCASE]$ADDON[script.etvguide 31013][/LOWERCASE][/CAPITALIZE]</label>
			<onup>9099</onup>
			<onleft>9001</onleft>
			<texturefocus border="40" colordiffuse="FF12B2E7">dialogs/dialogbutton-fo.png</texturefocus>
			<texturenofocus border="40">dialogs/dialogbutton-nofo.png</texturenofocus>
		</control>
		<control type="button" id="9099">
			<description>Save</description>
			<posx>871</posx>
			<posy>-14</posy>
			<width>300</width>
			<height>90</height>
			<align>center</align>
			<aligny>center</aligny>
			<font>font12_title</font>
			<textcolor>FFF0F0F0</textcolor>
			<shadowcolor>22000000</shadowcolor>
			<focusedcolor>FFF0F0F0</focusedcolor>
			<label>[CAPITALIZE]$ADDON[script.etvguide 31004][/CAPITALIZE]</label>
			<ondown>9008</ondown>
			<onleft>9001</onleft>
			<texturefocus border="40" colordiffuse="FF12B2E7">dialogs/dialogbutton-fo.png</texturefocus>
			<texturenofocus border="40">dialogs/dialogbutton-nofo.png</texturenofocus>
		</control>
		<control type="button" id="1000">
			<description>Close Window button</description>
			<posx>1102</posx>
			<posy>-73</posy>
			<width>48</width>
			<height>47</height>
			<texturefocus>dialogs/close.png</texturefocus>
			<texturenofocus>dialogs/logo.png</texturenofocus>
			<onup>9008</onup>
			<ondown>9001</ondown>
			<texturefocus border="40" colordiffuse="FF12B2E7">dialogs/dialogbutton-fo.png</texturefocus>
			<texturenofocus border="40">dialogs/dialogbutton-nofo.png</texturenofocus>
		</control>
	</controls>
</window>