<?xml version="1.0" encoding="utf-8"?>
<window type="dialog">
	<allowoverlay>no</allowoverlay>
	<defaultcontrol always="false">4000</defaultcontrol>
	<coordinates>
		<system>1</system><posx>0</posx><posy>0</posy>
	</coordinates>
	<animation type="WindowOpen" reversible="false">
				<effect type="zoom" start="80" end="100" center="960,540" delay="160" tween="back" time="240" />
				<effect type="fade" delay="160" end="100" time="240" />
			</animation>
			<animation type="WindowClose" reversible="false">
				<effect type="zoom" start="100" end="80" center="960,540" easing="in" tween="back" time="240" />
				<effect type="fade" start="100" end="0" time="240" />
			</animation>
	<controls>

		<control type="image">
			<posx>0</posx>
			<posy>0</posy>
			<width>1920</width>
			<height>1080</height>
			<texture colordiffuse="9F000000">osd/white.png</texture>
			<animation type="WindowOpen" reversible="false">
				<effect type="zoom" start="100" end="100" center="960,540" delay="160" tween="back" time="240" />
				<effect type="fade" delay="160" end="100" time="240" />
			</animation>
			<animation type="WindowClose" reversible="false">
				<effect type="zoom" start="100" end="100" center="960,540" easing="in" tween="back" time="240" />
				<effect type="fade" start="100" end="0" time="240" />
			</animation>
		</control>

		<control type="image">
			<description>Background</description>
			<posx>735</posx>
			<posy>190</posy>
			<width>450</width>
			<height>410</height>
			<texture border="10" >dialogs/dialog-bg-solid.png</texture>
		</control>
		
		<control type="image" id="4100">
			<posx>0</posx>
			<posy>0</posy>
			<width>0</width>
			<height>0</height>
			<visible>false</visible>
		</control>
		<control type="label" id="4101">
			<posx>0</posx>
			<posy>0</posy>
			<width>0</width>
			<height>0</height>
			<visible>false</visible>
		</control>
		
		<!-- Play -->
		<control type="button" id="4000">
			<posx>0</posx>
			<posy>0</posy>
			<width>0</width>
			<height>0</height>
			<visible>false</visible>
		</control>
		
		<control type="label" id="4102">
			<posx>0</posx>
			<posy>0</posy>
			<width>0</width>
			<height>0</height>
			<visible>false</visible>
		</control>
		
		<control type="label" id="4103">
			<posx>0</posx>
			<posy>0</posy>
			<width>0</width>
			<height>0</height>
			<visible>false</visible>
		</control>
		
		<control type="image">
			<description>Separator</description>
			<posx>735</posx>
			<posy>510</posy>
			<width>446</width>
			<height>70</height>
			<texture>dialogs/buttonmenu-separator.png</texture>
		</control>
		<control type="image">
			<description>Separator</description>
			<posx>735</posx>
			<posy>450</posy>
			<width>446</width>
			<height>70</height>
			<texture>dialogs/buttonmenu-separator.png</texture>
		</control>
		<control type="image">
			<description>Separator</description>
			<posx>735</posx>
			<posy>390</posy>
			<width>446</width>
			<height>70</height>
			<texture>dialogs/buttonmenu-separator.png</texture>
		</control>		
		<control type="image">
			<description>Separator</description>
			<posx>735</posx>
			<posy>330</posy>
			<width>446</width>
			<height>70</height>
			<texture>dialogs/buttonmenu-separator.png</texture>
		</control>
		<control type="image">
			<description>Separator</description>
			<posx>735</posx>
			<posy>270</posy>
			<width>446</width>
			<height>70</height>
			<texture>dialogs/buttonmenu-separator.png</texture>
		</control>
		<control type="image">
			<description>Separator</description>
			<posx>735</posx>
			<posy>210</posy>
			<width>446</width>
			<height>70</height>
			<texture>dialogs/buttonmenu-separator.png</texture>
		</control>
		<!-- Remaind me / not -->
		<control type="button" id="4002"> 
			<posx>735</posx>
			<posy>280</posy>
			<width>446</width>
			<height>60</height>
			<onup>4001</onup>
			<ondown>4006</ondown>
			<align>center</align>
			<aligny>center</aligny>
			<font>font13</font>
			<textcolor>FFFFFFFF</textcolor>
			<focusedcolor>FFFFFFFF</focusedcolor>
			<texturefocus colordiffuse="FF12B2E7" border="5">osd/white.png</texturefocus>
			<texturenofocus></texturenofocus>
		</control>

		<!-- Button Add/Remove Strm -->
		<control type="button" id="4001">
			<posx>737</posx>
			<posy>220</posy>
			<width>446</width>
			<height>60</height>
			<onup>4004</onup>
			<ondown>4002</ondown>
			<align>center</align>
			<aligny>center</aligny>
			<font>font13</font>
			<textcolor>FFFFFFFF</textcolor>
			<focusedcolor>FFFFFFFF</focusedcolor>
			<texturefocus colordiffuse="FF12B2E7" border="5">osd/white.png</texturefocus>
			<texturenofocus></texturenofocus>
		</control>
		
				<!-- Channels -->
		<control type="button" id="4003">
			<posx>735</posx>
			<posy>400</posy>
			<width>446</width>
			<height>60</height>
			<onup>4006</onup>
			<ondown>4005</ondown>
			<align>center</align>
			<aligny>center</aligny>
			<font>font13</font>
			<textcolor>FFFFFFFF</textcolor>
			<focusedcolor>FFFFFFFF</focusedcolor>
			<label>$ADDON[script.etvguide 30307]</label>
			<texturefocus colordiffuse="FF12B2E7" border="5">osd/white.png</texturefocus>
			<texturenofocus></texturenofocus>
		</control>

				<!-- Exit -->
		<control type="button" id="4004">
			<posx>735</posx>
			<posy>520</posy>
			<width>446</width>
			<height>60</height>
			<onup>4005</onup>
			<ondown>4001</ondown>
			<align>center</align>
			<aligny>center</aligny>
			<font>font13</font>
			<textcolor>FFFFFFFF</textcolor>
			<focusedcolor>FFFFFFFF</focusedcolor>
			<label>$ADDON[script.etvguide 30308]</label>
			<texturefocus colordiffuse="FF12B2E7" border="5">osd/white.png</texturefocus>
			<texturenofocus></texturenofocus>
		</control>
		
				<!-- Settings -->
		<control type="button" id="4005">
			<posx>735</posx>
			<posy>460</posy>
			<width>446</width>
			<height>60</height>
			<onup>4003</onup>
			<ondown>4004</ondown>
			<align>center</align>
			<aligny>center</aligny>
			<font>font13</font>
			<textcolor>FFFFFFFF</textcolor>
			<focusedcolor>FFFFFFFF</focusedcolor>
			<label>$LOCALIZE[33063]</label>
			<onclick>Addon.OpenSettings(script.etvguide)</onclick>
			<texturefocus colordiffuse="FF12B2E7" border="5">osd/white.png</texturefocus>
			<texturenofocus></texturenofocus>
		</control>
		
				<!-- Recordings -->
		<control type="button" id="4006"> 
			<posx>735</posx>
			<posy>340</posy>
			<width>446</width>
			<height>60</height>
			<onup>4002</onup>
			<ondown>4003</ondown>
			<align>center</align>
			<aligny>center</aligny>
			<font>font13</font>
			<textcolor>FFFFFFFF</textcolor>
			<focusedcolor>FFFFFFFF</focusedcolor>
			<label>$LOCALIZE[19017]</label>
			<onclick>ActivateWindow(Videos,sources://video/ ,return)</onclick>
			<texturefocus colordiffuse="FF12B2E7" border="5">osd/white.png</texturefocus>
			<texturenofocus></texturenofocus>
		</control>
	</controls>
</window>
