<?xml version="1.0" encoding="utf-8"?>
<window type="dialog">
	<allowoverlay>no</allowoverlay>
	<defaultcontrol always="false">101</defaultcontrol>
	<coordinates>
		<system>1</system><posx>0</posx><posy>0</posy>
	</coordinates>
		<animation type="WindowOpen" reversible="false">
			<effect type="zoom" start="80" end="100" center="960,540" delay="160" tween="back" time="240" />
			<effect type="fade" delay="160" end="100" time="240" />
		</animation>
		<animation type="WindowClose" reversible="false">
			<effect type="zoom" start="100" end="80" center="960,540" easing="in" tween="back" time="240" />
			<effect type="fade" start="100" end="0" time="240" />
		</animation>
	<controls>
		<control type="label" id="6001"><description>visibility marker for selection box</description></control>

		<control type="image">
			<posx>0</posx>
			<posy>0</posy>
			<width>1920</width>
			<height>1080</height>
			<texture colordiffuse="9F000000">osd/white.png</texture>
		</control>
		<control type="image">
			<posx>100</posx>
			<posy>140</posy>
			<width>1720</width>
			<height>800</height>
			<texture border="40">dialogs/dialog-bg-solid.png</texture>
		</control>
		<control type="image">
			<posx>428</posx>
			<posy>205</posy>
			<width>1104</width>
			<height>732</height>
			<texture>dialogs/dialog-bg-back.png</texture>
		</control>
		<control type="image">
			<posx>100</posx>
			<posy>140</posy>
			<width>1720</width>
			<height>70</height>
			<texture colordiffuse="FF1788AD">dialogs/dialog-bg-key.png</texture>
		</control>
		<control type="label" id="1">
			<description>header label</description>
			<posx>140</posx>
			<posy>160</posy>
			<width>555</width>
			<height>30</height>
			<font>font20_title</font>
			<label>$ADDON[script.etvguide 30307] - m-TVGuide [COLOR gold][B]EPG[/B][/COLOR]</label>
			<align>left</align>
			<aligny>center</aligny>
			<textcolor>FFF0F0F0</textcolor>
			<shadowcolor>FF000000</shadowcolor>
		</control>
		
		<control type="button" id="1000">
			<description>Close Window button</description>
			<posx>1245</posx>
			<posy>105</posy>
			<width>96</width>
			<height>48</height>
			<onclick>Dialog.Close(all,true)</onclick>
			<onclick>FullScreen</onclick>
			<texturefocus>DialogCloseButton-focus.png</texturefocus>
			<texturenofocus>DialogCloseButton.png</texturenofocus>
			<animation effect="fade" time="200">VisibleChange</animation>
			<visible>false</visible>
		</control>
	
		<control type="label">
			<posx>490</posx>
			<posy>292</posy>
			<width>980</width>
			<height>150</height>
			<font>font13</font>
			<textcolor>FFF0F0F0</textcolor>
			<shadowcolor>22000000</shadowcolor>
			<align>center</align>
			<label>$ADDON[script.etvguide 30501]</label>
		</control>

		<control type="wraplist" id="6000">
			<posx>550</posx>
			<posy>480</posy>
			<width>860</width>
			<height>400</height>
			<onleft>101</onleft>
			<onright>6002</onright>
			<viewtype label="list">list</viewtype>
			<orientation>vertical</orientation>
			<focusposition>0</focusposition>
			<itemlayout width="560" height="40">
				<control type="image">
					<posx>0</posx>
					<posy>0</posy>
					<width>860</width>
					<height>38</height>
					<texture colordiffuse="1F000000" border="5">osd/white.png</texture>
				</control>
				<control type="label">
					<posx>56</posx>
					<posy>0</posy>
					<width>860</width>
					<height>38</height>
					<aligny>center</aligny>
					<font>font12</font>
					<textcolor>FFF0F0F0</textcolor>
					<shadowcolor>22000000</shadowcolor>
					<info>ListItem.Label</info>
				</control>
				<control type="image">
					<posx>16</posx>
					<posy>9</posy>
					<width>20</width>
					<height>20</height>
					<colordiffuse>FFF0F0F0</colordiffuse>
					<info>ListItem.Icon</info>
				</control>
			</itemlayout>
			<focusedlayout width="560" height="40">
				<control type="image">
					<posx>0</posx>
					<posy>0</posy>
					<width>860</width>
					<height>38</height>
					<texture colordiffuse="FF12B2E7" border="5">osd/white.png</texture>
					<visible>Control.IsVisible(6000)</visible>
				</control>
				<control type="label">
					<posx>56</posx>
					<posy>0</posy>
					<width>860</width>
					<height>38</height>
					<aligny>center</aligny>
					<font>font12</font>
					<textcolor>FFF0F0F0</textcolor>
					<shadowcolor>22000000</shadowcolor>
					<label>$INFO[ListItem.Label]</label>
				</control>
				<control type="image">
					<posx>16</posx>
					<posy>9</posy>
					<width>20</width>
					<height>20</height>
					<info>ListItem.Icon</info>
				</control>
			</focusedlayout>
		</control>
		
		<control type="group">
			<posx>980</posx>
			<posy>350</posy>
			<width>1920</width>
			<height>38</height>
			<visible>!Control.IsVisible(6001)</visible>
			<animation type="Visible">
				<effect type="fade" start="0" end="100" time="250"/>
			</animation>
			<animation type="Hidden">
				<effect type="fade" start="100" end="0" time="250"/>
			</animation>

		<control type="image">
			<posx>395</posx>
			<posy>133</posy>
			<width>14</width>
			<height>32</height>
			<colordiffuse>FFF0F0F0</colordiffuse>
			<texture>tvguide-channel-updownarrow.png</texture>
		</control>
		<control type="image">
			<posx>40</posx>
			<posy>-130</posy>
			<width>500</width>
			<height>38</height>
		</control>
		<control type="button" id="6002">
			<posx>-490</posx>
			<posy>130</posy>
			<width>860</width>
			<height>38</height>
			<aligny>center</aligny>
			<align>right</align>
			<font>font12</font>
			<textcolor>FFF0F0F0</textcolor>
			<shadowcolor>22000000</shadowcolor>
			<focusedcolor>FFF0F0F0</focusedcolor>
			<texturefocus></texturefocus>
			<texturenofocus></texturenofocus>
			<onleft>6000</onleft>
			<onright>6003</onright>
		</control>
	</control>
		
		<control type="image">
			<posx>500</posx>
			<posy>480</posy>
			<width>12</width>
			<height>40</height>
			<colordiffuse>FFF0F0F0</colordiffuse>
			<texture flipx="true" >tvguide-channel-leftarrow.png</texture>
		</control>
		
		<control type="button" id="101">
			<posx>120</posx>
			<posy>212</posy>
			<width>318</width>
			<height>118</height>
			<align>center</align>
			<aligny>center</aligny>
			<font>font12_title</font>
			<textcolor>FFF0F0F0</textcolor>
			<shadowcolor>22000000</shadowcolor>
			<focusedcolor>FFF0F0F0</focusedcolor>
			<label>[CAPITALIZE]$ADDON[script.etvguide 30307][/CAPITALIZE]</label>
			<onright>6000</onright>
			<texturefocus colordiffuse="FF12B2E7" border="40">dialogs/dialogbutton-fo.png</texturefocus>
			<texturenofocus colordiffuse="" border="40">dialogs/dialogbutton-nofo.png</texturenofocus>
		</control>

		<control type="button" id="6003">
			<description>Save</description>
			<posx>1510</posx>
			<posy>210</posy>
			<width>300</width>
			<height>90</height>
			<align>center</align>
			<aligny>center</aligny>
			<font>font12_title</font>
			<textcolor>FFF0F0F0</textcolor>
			<shadowcolor>22000000</shadowcolor>
			<focusedcolor>FFF0F0F0</focusedcolor>
			<label>[CAPITALIZE]$ADDON[script.etvguide 30502][/CAPITALIZE]</label>
			<onleft>6000</onleft>
			<ondown>6004</ondown>
			<texturefocus colordiffuse="FF12B2E7" border="40">dialogs/dialogbutton-fo.png</texturefocus>
			<texturenofocus colordiffuse="" border="40">dialogs/dialogbutton-nofo.png</texturenofocus>
		</control>
		<control type="button" id="6004">
			<description>Cancel</description>
			<posx>1510</posx>
			<posy>285</posy>
			<width>300</width>
			<height>90</height>
			<align>center</align>
			<aligny>center</aligny>
			<font>font12_title</font>
			<textcolor>FFF0F0F0</textcolor>
			<shadowcolor>22000000</shadowcolor>
			<focusedcolor>FFF0F0F0</focusedcolor>
			<label>[CAPITALIZE]$ADDON[script.etvguide 30503][/CAPITALIZE]</label>
			<onleft>6000</onleft>
			<onup>6003</onup>
			<texturefocus colordiffuse="FF12B2E7" border="40">dialogs/dialogbutton-fo.png</texturefocus>
			<texturenofocus colordiffuse="" border="40">dialogs/dialogbutton-nofo.png</texturenofocus>
		</control>
	</controls>
</window>