<window>
	<defaultcontrol always="true">1000</defaultcontrol>
	<coordinates>
		<system>1</system><posx>0</posx><posy>0</posy>
	</coordinates>
	<animation effect="fade" start="0" end="100" time="250">WindowOpen</animation>
	<animation effect="fade" start="100" end="0" time="250">WindowClose</animation>
	<include>dialogeffect</include>
	<controls>
		<control type="group">
			<control type="image">
				<description>background image</description>
				<posx>345</posx>
				<posy>53</posy>
				<width>1230</width>
				<height>975</height>
				<texture border="40">dialogs/dialogback.png</texture>
			</control>
			<control type="image">
				<description>Dialog Header image</description>
				<posx>345</posx>
				<posy>68</posy>
				<width>1230</width>
				<height>62</height>
				<texture>dialogs/dialogheader.png</texture>
			</control>
			<control type="label">
				<description>header label</description>
				<posx>0%</posx>
				<posy>86</posy>
				<width>1920</width>
				<height>30</height>
				<font>font13_title</font>
				<label>$ADDON[script.etvguide 58000]</label>
				<align>center</align>
				<aligny>center</aligny>
				<textcolor>FFEB9E17</textcolor>
				<shadowcolor>black</shadowcolor>
			</control>
			<control type="button" id="1000">
				<description>Close Window button</description>
				<posx>1447</posx>
				<posy>68</posy>
				<width>96</width>
				<height>48</height>
				<onclick>Dialog.Close(VideoOSD,true)</onclick>
				<onclick>Back</onclick>
				<texturefocus>DialogCloseButton-focus.png</texturefocus>
				<texturenofocus>DialogCloseButton.png</texturenofocus>
				<animation effect="fade" time="200">VisibleChange</animation>
				<visible>true</visible>
			</control>
			
			<control type="label">
				<description>Program label</description>
				<posx>405</posx>
				<posy>167</posy>
				<width min="20" max="600">auto</width>
				<height>34</height>
				<textcolor>white</textcolor>
				<shadowcolor>black</shadowcolor>
				<font>font13</font>
				<align>left</align>
				<label>[COLOR FF0084FF][B]$LOCALIZE[556]:[/B][/COLOR]</label>
			</control>
			<control type="label" id="4920">
				<description>Program title</description>
				<posx>662</posx>
				<posy>167</posy>
				<width>640</width>
				<height>34</height>
				<textcolor>white</textcolor>
				<shadowcolor>black</shadowcolor>
				<font>font13</font>
				<align>left</align>
			</control>
			
			
			<control type="image" id="4924">
				<description>Channel logo</description>
				<posx>0</posx>
				<posy>0</posy>
				<width>0</width>
				<height>0</height>
				<visible>false</visible>
			</control>
			<control type="image" id="4944">
				<description>Live</description>
				<posx>405</posx>
				<posy>312</posy>
				<width>120</width>
				<height>27</height>
				<aspectratio>keep</aspectratio>
				<fadetime>500</fadetime>
				<visible>true</visible>
			</control>
			
			<control type="label">
				<description>Time label</description>
				<posx>405</posx>
				<posy>212</posy>
				<width min="20" max="200">auto</width>
				<height>34</height>
				<textcolor>white</textcolor>
				<shadowcolor>black</shadowcolor>
				<font>font13</font>
				<align>left</align>
				<label>[COLOR FF0084FF][B]$LOCALIZE[142][/B][/COLOR]</label>
			</control>
			
			<control type="grouplist">
				<posx>662</posx>
				<posy>212</posy>
				<width>1920</width>
				<height>1080</height>
				<itemgap>10</itemgap>
				<orientation>horizontal</orientation>
				<align>left</align>
					
			<control type="label" id="4921">
				<description>Program time</description>
				<posx>0</posx>
				<posy>0</posy>
				<width min="20" max="300">auto</width>
				<height>34</height>
				<textcolor>white</textcolor>
				<shadowcolor>black</shadowcolor>
				<font>font13</font>
				<align>left</align>
			</control>
			<control type="label">
				<description>Date label</description>
				<posx>0</posx>
				<posy>0</posy>
				<width min="20" max="660">auto</width>
				<height>34</height>
				<textcolor>white</textcolor>
				<shadowcolor>black</shadowcolor>
				<font>font13</font>
				<align>left</align>
				<textcolor>white</textcolor>
				<shadowcolor>black</shadowcolor>
				<label>[B]($INFO[System.Date])[/B]</label>
			</control>
		</control>
			
			<control type="textbox" id="4922">
				<description>Program description</description>
				<posx>398</posx>
				<posy>648</posy>
				<width>1125</width>
				<height>305</height>
				<textcolor>white</textcolor>
				<shadowcolor>black</shadowcolor>
				<font>font12</font>
				<align>left</align>
				<wrapmultiline>true</wrapmultiline>
				<autoscroll time="3500" delay="7500" repeat="10000">true</autoscroll>
			</control>
			<control type="image" id="4923">
				<description>Program logo</description>
				<posx>400</posx>
				<posy>360</posy>
				<width>350</width>
				<height>230</height>
				<aspectratio>strech</aspectratio>
				<fadetime>500</fadetime>
				<texture>tvguide-logo-epg.png</texture>
			</control>
			<control type="progress" id="4999">
				<posx>0</posx>
				<posy>0</posy>
				<width>0</width>
				<height>0</height>
				<visible>false</visible>
			</control>
		</control>
	</controls>
</window>