<window>
	<zorder>1</zorder>
	<coordinates>
		<system>1</system><posx>0</posx><posy>0</posy>
	</coordinates>
		<animation effect="fade" start="0" end="100" time="250">WindowOpen</animation>
		<animation effect="fade" start="100" end="0" time="250">WindowClose</animation>
	<controls>

		<!-- !LiveTV -->
		<control type="group" id="100">
			<posx>0</posx>
			<posy>0</posy>
			<animation effect="fade" time="200">WindowOpen</animation>
			<visible>true</visible>

			<control type="image">
				<description>background image</description>
				<left>-30</left>
				<top>345r</top>
				<width>1980</width>
				<height>345</height>
				<texture border="1">dialogs/homenowplayingback.png</texture>
			</control>
			<control type="image">
				<left>-30</left>
				<top>-225</top>
				<width>1980</width>
				<height>384</height>
				<texture flipy="true" border="1">dialogs/homenowplayingback.png</texture>
			</control>
			
			<control type="label" id="4920">
				<description>Program title</description>
				<posx>555</posx>
				<posy>780</posy>
				<width>555</width>
				<height>75</height>
				<textcolor>FFEB9E17</textcolor>
				<shadowcolor>black</shadowcolor>
				<font>font14</font>
				<aligny>center</aligny>
			</control>
			<control type="label" id="4920">
				<description>Program channel</description>
				<left>45</left>
				<top>10</top>
				<width>240</width>
				<height>20</height>
				<font>font13</font>
				<textcolor>white</textcolor>
				<shadowcolor>black</shadowcolor>
				<label>[UPPERCASE]$INFO[Player.Title][/UPPERCASE]</label>
			</control>
			<control type="image" id="4924">
				<description>Channel logo</description>
				<posx>100</posx>
				<posy>880</posy>
				<width>320</width>
				<height>90</height>
			</control>
			<control type="progress" id="4999">
				<posx>570</posx>
				<posy>965</posy>
				<width>1080</width>
				<height>15</height>
			</control>
			<control type="label" id="4921">
				<description>Program time</description>
				<posx>555</posx>
				<posy>815</posy>
				<width>510</width>
				<height>75</height>
				<textcolor>white</textcolor>
				<shadowcolor>black</shadowcolor>
				<font>font12</font>
				<align>left</align>
				<aligny>center</aligny>
			</control>
			<control type="textbox" id="4922">
				<description>Program description</description>
				<posx>555</posx>
				<posy>870</posy>
				<width>1110</width>
				<height>64</height>
				<textcolor>white</textcolor>
				<shadowcolor>black</shadowcolor>
				<font>font12</font>
				<align>left</align>
				<wrapmultiline>true</wrapmultiline>
				<autoscroll time="3500" delay="4500" repeat="10000">false</autoscroll>
			</control>
			<control type="image" id="4923">
				<description>Program logo / Source logo</description>
				<posx>1410</posx>
				<posy>780</posy>
				<width>480</width>
				<height>270</height>
				<aspectratio>keep</aspectratio>
				<fadetime>500</fadetime>
				<texture>tvguide-logo-epg.png</texture>
				<visible>!Player.Playing</visible>\
			</control>
			<control type="image" id="4944">
				<description>Live</description>
				<left>1530</left>
				<top>798</top>
				<width>100</width>
				<height>45</height>
				<aspectratio>keep</aspectratio>
				<fadetime>100</fadetime>
				<visible>!Control.IsVisible(5000)</visible>
			</control>

			<control type="label" id="6666">
				<description>Program time</description>
				<posx>1805</posx>
				<top>10</top>
				<width>350</width>
				<height>75</height>
				<textcolor>white</textcolor>
				<shadowcolor>black</shadowcolor>
				<font>font13</font>
				<label>$INFO[System.Time(hh:mm)]</label>
			</control>

			<control type="button" id="108">
				<posx>1828</posx>
				<posy>990</posy>
				<width>80</width>
				<height>80</height>
				<texturefocus>buttons/schedule-fo.png</texturefocus>
				<texturenofocus>buttons/schedule-fo.png</texturenofocus>
			</control>
			<control type="button" id="107">
				<posx>1828</posx>
				<posy>990</posy>
				<width>80</width>
				<height>80</height>
				<texturefocus>buttons/schedule-bd-c.png</texturefocus>
				<texturenofocus>buttons/schedule-bd-c.png</texturenofocus>
			</control>
			<control type="button" id="105">
				<posx>1828</posx>
				<posy>990</posy>
				<width>80</width>
				<height>80</height>
				<texturefocus>buttons/playfo.png</texturefocus>
				<texturenofocus>buttons/playbd.png</texturenofocus>
			</control>
			<control type="button" id="101">
				<posx>738</posx>
				<posy>990</posy>
				<width>80</width>
				<height>80</height>
				<texturefocus>buttons/stopfo.png</texturefocus>
				<texturenofocus>buttons/stopbd.png</texturenofocus>
				<onup>1000</onup>
				<ondown>1000</ondown>
			</control>
			<control type="button" id="102">
				<posx>820</posx>
				<posy>990</posy>
				<width>80</width>
				<height>80</height>
				<texturefocus>buttons/infofo.png</texturefocus>
				<texturenofocus>buttons/infobd.png</texturenofocus>
				<onup>1000</onup>
				<ondown>1000</ondown>
			</control>
			<control type="button" id="106">
				<posx>902</posx>
				<posy>990</posy>
				<width>80</width>
				<height>80</height>
				<texturefocus>buttons/setupfo.png</texturefocus>
				<texturenofocus>buttons/setupbd.png</texturenofocus>
				<onup>1000</onup>
				<ondown>1000</ondown>
			</control>
			<control type="button" id="103">
				<posx>984</posx>
				<posy>990</posy>
				<width>80</width>
				<height>80</height>
				<texturefocus>buttons/minusfo.png</texturefocus>
				<texturenofocus>buttons/minusbd.png</texturenofocus>
				<onup>1000</onup>
				<ondown>1000</ondown>
			</control>
			<control type="button" id="104">
				<posx>1066</posx>
				<posy>990</posy>
				<width>80</width>
				<height>80</height>
				<texturefocus>buttons/plusfo.png</texturefocus>
				<texturenofocus>buttons/plusbd.png</texturenofocus>
				<onup>1000</onup>
				<ondown>1000</ondown>
			</control>
			<control type="button" id="1000">
				<description>Close Window button</description>
				<posx>126r</posx>
				<posy>0</posy>
				<width>96</width>
				<height>48</height>
				<label>-</label>
				<font>-</font>
				<onclick>Dialog.Close(VideoOSD,true)</onclick>
				<onclick>FullScreen</onclick>
				<texturefocus>-</texturefocus>
				<texturenofocus>-</texturenofocus>
				<onleft>1000</onleft>
				<onright>1000</onright>
				<onup>101</onup>
				<ondown>101</ondown>
				<animation effect="fade" time="200">VisibleChange</animation>
				<visible>true</visible>
			</control>
		</control>
	</controls>
</window>
