<window>
	<defaultcontrol always="true">1000</defaultcontrol>
	<coordinates>
		<system>1</system><posx>185</posx><posy>105</posy>
	</coordinates>
	<include>dialogeffect</include>
	<controls>
		<control type="group">
			<include>VisibleFadeEffect</include>
			<control type="image">
				<description>background image</description>
				<posx>0</posx>
				<posy>0</posy>
				<width>910</width>
				<height>510</height>
				<texture border="40">DialogBack.png</texture>
			</control>
			<control type="image">
				<description>Dialog Header image</description>
				<posx>40</posx>
				<posy>16</posy>
				<width>830</width>
				<height>40</height>
				<texture>dialogheader.png</texture>
			</control>
			<control type="label">
				<description>header label</description>
				<posx>40</posx>
				<posy>20</posy>
				<width>830</width>
				<height>30</height>
				<font>font13_title</font>
				<label>$ADDON[script.etvguide 58000]</label>
				<align>center</align>
				<aligny>center</aligny>
				<textcolor>selected</textcolor>
				<shadowcolor>black</shadowcolor>
			</control>

		<control type="button" id="1000">
			<description>Close Window button</description>
			<posx>830</posx>
			<posy>15</posy>
			<width>64</width>
			<height>32</height>
			<label>-</label>
			<font>-</font>
			<onclick>Dialog.Close(VideoOSD,true)</onclick>
			<onclick>FullScreen</onclick>
			<texturefocus>DialogCloseButton-focus.png</texturefocus>
			<texturenofocus>DialogCloseButton.png</texturenofocus>
			<animation effect="fade" time="200">VisibleChange</animation>
			<visible>true</visible>
		</control>

			<control type="label" id="4920">
				<description>Program title</description>
				<posx>30</posx>
				<posy>55</posy>
				<width>705</width>
				<height>50</height>
				<textcolor>ffffffff</textcolor>
				<font>font13</font>
				<aligny>center</aligny>
				<scroll>true</scroll>
			</control>
			<control type="image" id="4924">
				<description>Channel logo</description>
				<posx>640</posx>
				<posy>125</posy>
				<width>240</width>
				<height>120</height>
				<aspectratio>keep</aspectratio>
				<fadetime>500</fadetime>
			</control>

			<control type="image" id="4944">
				<description>Live</description>
				<posx>778</posx>
				<posy>94</posy>
				<width>80</width>
				<height>18</height>
				<aspectratio>keep</aspectratio>
				<fadetime>500</fadetime>
				<visible>true</visible>
			</control>

			<control type="label" id="4921">
				<description>Program time</description>
				<posx>880</posx>
				<posy>55</posy>
				<width>140</width>
				<height>50</height>
				<textcolor>ffffffff</textcolor>
				<font>font13</font>
				<align>right</align>
				<aligny>center</aligny>	
			</control>
			<control type="textbox" id="4922">
				<description>Program description</description>
				<posx>30</posx>
				<posy>100</posy>
				<width>600</width>
				<height>358</height>
				<textcolor>ffffffff</textcolor>
				<font>font12</font>
				<wrapmultiline>true</wrapmultiline>
				<autoscroll time="3500" delay="2500" repeat="10000">true</autoscroll>
			</control>

			<control type="progress" id="4999">
				<posx>30</posx>
				<posy>470</posy>
				<width>580</width>
				<height>20</height>
			</control>

			<control type="image" id="4923">
				<description>Program logo / Source logo</description>
				<posx>640</posx>
				<posy>260</posy>
				<width>240</width>
				<height>220</height>
				<aspectratio>keep</aspectratio>
				<fadetime>500</fadetime>
				<texture>tvguide-logo-epg.png</texture>
			</control>
		</control>
	</controls>
</window>