<?xml version="1.0" encoding="utf-8"?>
<window type="dialog">
	<allowoverlay>no</allowoverlay>
	<coordinates>
		<system>1</system><posx>0</posx><posy>0</posy>
	</coordinates>
			<animation effect="fade" start="100" end="100">WindowOpen</animation>
			<animation effect="fade" start="100" end="0" time="250">WindowClose</animation>
		<controls>
		
				<control type="image">
					<posx>10000</posx>
					<texture>default.png</texture>
				</control>
					<control type="image">
					<posx>10000</posx>
					<texture>default-przypomnienie.png</texture>
				</control>
					<control type="image">
					<posx>10000</posx>
					<texture>default-nagrywanie.png</texture>
				</control>
					<control type="image">
					<posx>10000</posx>
					<texture>seledynowy.png</texture>
				</control>
					<control type="image">
					<posx>10000</posx>
					<texture>niebieski.png</texture>
				</control>
					<control type="image">
					<posx>10000</posx>
					<texture>zielony.png</texture>
				</control>
					<control type="image">
					<posx>10000</posx>
					<texture>purpurowy.png</texture>
				</control>
					<control type="image">
					<posx>10000</posx>
					<texture>czerwony.png</texture>
				</control>
					<control type="image">
					<posx>10000</posx>
					<texture>zolty.png</texture>
				</control>
					<control type="image">
					<posx>10000</posx>
					<texture>fioletowy.png</texture>
				</control>
					<control type="image">
					<posx>10000</posx>
					<texture>pomaranczowy.png</texture>
				</control>
					<control type="image">
					<posx>10000</posx>
					<texture>dark.png</texture>
				</control>
					<control type="image">
					<posx>10000</posx>
					<texture>default-focus.png</texture>
				</control>
					<control type="image">
					<posx>10000</posx>
					<texture>live.png</texture>
				</control>
				
		<!-- Background -->
		<control type="image" id="4600">
			<top>0</top>
			<width>1920</width>
            <height>1080</height>
			<texture colordiffuse="ff181818">../../Arctic Zephyr/media/tvguide-background-default.jpg</texture>
			<!--<colordiffuse>FF000000</colordiffuse>-->
			<animation type="Conditional" condition="Control.IsVisible(5000)">
			<effect type="fade" start="100" end="75" time="0"/>
			</animation>
			<visible>!Control.IsVisible(5000)</visible>
		</control>
		
		<!-- Video Background -->
		<control type="videowindow">
			<posx>0</posx>
			<posy>0</posy>
			<width>1920</width>
			<height>1080</height>
			<align>center</align>
			<animation type="Conditional" condition="!Control.IsVisible(5000)">
			</animation>
		</control>
		
		<control type="image">
			<width>1920</width>
			<height>1080</height>
			<top>0</top>
			<texture colordiffuse="BF181818">../../Arctic Zephyr/media/dialogs/floor.png</texture>
			<visible>!Control.IsVisible(5000)</visible>
		</control>
		
		<control type="image">
            <width>1920</width>
            <height>16</height>
            <top>0</top>
            <texture flipy="false">../../Arctic Zephyr/media/dialogs/shadow.png</texture>
			<visible>!Control.IsVisible(5000)</visible>
		</control>

		<control type="image">
			<posy>208</posy>
			<posx>72</posx>
			<width>1776</width>
			<height>656</height>
			<texture colordiffuse="FF333333" border="16">../../Arctic Zephyr/media/dialogs/dialog-bg-wall.png</texture>
			<animation effect="fade" start="100" end="90" condition="Window.IsActive(script-tvguide-menu.xml) | Window.IsActive(DialogInfo.xml) | Window.IsActive(script-tvguide-channels.xml) | Window.IsActive(script-tvguide-streamsetup.xml) ">Conditional</animation>
			<visible>!Control.IsVisible(5000)</visible>
		</control>
		
		<!-- Menu -->
		<control type="image">
			<left>80</left>
			<top>80</top>
			<width>80</width>
			<height>80</height>
			<texture colordiffuse="FF333333" border="16">../../Arctic Zephyr/media/dialogs/pvrinfo.png</texture>
			<visible>!Control.IsVisible(5000)</visible>
		</control>
		
		<control type="image">
			<left>68</left>
			<top>68</top>
			<width>104</width>
			<height>104</height>
			<texture colordiffuse="FFdddddd">../../Arctic Zephyr/media/dialogs/logo.png</texture>
			<visible>!Control.IsVisible(5000)</visible>
		</control>
		
		<control type="label">
			<top>86</top>
			<left>184</left>
			<width>1920</width>
			<height>38</height>
			<font>MediumBold</font>
			<textcolor>FFdddddd</textcolor>
			<label>$LOCALIZE[4]</label>
			<visible>!Control.IsVisible(5000)</visible>
		</control>
		<control type="label">
			<top>130</top>
			<left>185</left>
			<width>1920</width>
			<height>16</height>
			<font>Flag</font>
			<label>[COLOR ff0385b5]MODS-KODI[/COLOR] [COLOR B3dddddd][B]·[/B] EPG[/COLOR]</label>
			<visible>!Control.IsVisible(5000)</visible>
		</control>
		
		<!-- Date and time row -->
		<control type="label">
			<top>908</top>
			<height>84</height>
			<centertop>24</centertop>
			<right>130</right>
			<align>right</align>
			<width>50%</width>
			<font>LargeBold</font>
			<textcolor>FFdddddd</textcolor>
			<label>$INFO[System.Time(hh:mm)]</label>
			<animation effect="slide" start="0" end="50" time="0" condition="IsEmpty(System.Time(xx))">Conditional</animation>
			<visible>!Control.IsVisible(5000)</visible>
		</control>
		<control type="label">
			<top>914</top>
			<height>84</height>
			<centertop>30</centertop>
			<right>80</right>
			<font>SmallBold</font>
			<textcolor>4Ddddddd</textcolor>
			<align>right</align>
			<width>120</width>
			<label>$INFO[System.Time(xx)]</label>
			<visible>!Control.IsVisible(5000)</visible>
		</control>
		<control type="label">
			<top>948</top>
			<height>84</height>
			<centertop>64</centertop>
			<right>80</right>
			<font>Flag</font>
			<textcolor>B3dddddd</textcolor>
			<align>right</align>
			<width>50%</width>
			<label>$INFO[System.Date(DDD)]$COMMA $INFO[System.Date(d MMM yyyy)]</label>
			<visible>!Control.IsVisible(5000)</visible>
		</control>
		<control type="label">
			<top>988</top>
			<right>80</right>
			<centertop>64</centertop>
			<font>Flag</font>
			<textcolor>4Ddddddd</textcolor>
			<align>right</align>
			<width>50%</width>
			<label>[COLOR=$VAR[ColorHighlight]]$INFO[Weather.Temperature][/COLOR]  $INFO[Weather.Conditions]</label>
			<visible>!Control.IsVisible(5000)</visible>
		</control>

		<control type="label" id="5000">
			<description>visibility marker for TV Guide group</description>
		</control>
		<control type="group">
			<description>TV Guide group</description>
			<posx>0</posx>
			<posy>0</posy>
			<width>1920</width>
			<height>1080</height>
			<visible>!Control.IsVisible(5000)</visible>
			
		<control type="button" id="5001">
			<description>marker for EPG data view - should be hidden!</description>
			<posy>230</posy>
			<posx>457</posx>
			<width>1380</width>
			<height>498</height>
			<visible>hidden</visible>
		</control>
		
		<control type="image" id="4100">
			<description>Timebar</description>
			<top>180</top>
			<left>0</left>
			<width>19</width>
			<height>555</height>
			<fadetime>1000</fadetime>
			<texture colordiffuse="ff0385b5" border="0,60,18,14">../../Arctic Zephyr/media/tvguide-timebar.png</texture>
			<animation effect="fade" start="100" end="90" condition="Window.IsActive(script-tvguide-menu.xml) | Window.IsActive(DialogInfo.xml) | Window.IsActive(script-tvguide-channels.xml) | Window.IsActive(script-tvguide-streamsetup.xml) ">Conditional</animation>
			<visible>!Control.IsVisible(5000)</visible>
		</control>
					
		<control type="label" id="4000">
			<visible>false</visible>
		</control>
		</control>
		
		<control type="group">
			<posx>0</posx>
			<posy>0</posy>
			<width>1920</width>
			<height>0</height>
			<visible>!Control.IsVisible(5000)</visible>
			
		<control type="label">
			<description>Date label</description>
			<posx>90</posx>
			<posy>175</posy>
			<width>350</width>
			<height>49</height>
			<font>EPGTimeline</font>
			<textcolor>B3dddddd</textcolor>
			<label>$INFO[System.Date(DDD)]$COMMA $INFO[System.Date(d MMM yyyy)]</label>
			<animation effect="fade" start="100" end="90" condition="Window.IsActive(script-tvguide-menu.xml) | Window.IsActive(DialogInfo.xml) | Window.IsActive(script-tvguide-channels.xml) | Window.IsActive(script-tvguide-streamsetup.xml) ">Conditional</animation>
			<visible>!Control.IsVisible(5000)</visible>
		</control>
		<control type="label" id="4001">
			<description>1st half hour column</description>
			<posx>432</posx>
			<posy>175</posy>
			<width>270</width>
			<height>49</height>
			<textcolor>B3dddddd</textcolor>
			<font>EPGTimeline</font>
			<animation effect="fade" start="100" end="90" condition="Window.IsActive(script-tvguide-menu.xml) | Window.IsActive(DialogInfo.xml) | Window.IsActive(script-tvguide-channels.xml) | Window.IsActive(script-tvguide-streamsetup.xml) ">Conditional</animation>
			<visible>!Control.IsVisible(5000)</visible>
		</control>
		<control type="label" id="4002">
			<description>2nd half hour column</description>
			<posx>774</posx>
			<posy>175</posy>
			<width>270</width>
			<height>49</height>
			<textcolor>B3dddddd</textcolor>
			<font>EPGTimeline</font>
			<aligny>center</aligny>
			<animation effect="fade" start="100" end="90" condition="Window.IsActive(script-tvguide-menu.xml) | Window.IsActive(DialogInfo.xml) | Window.IsActive(script-tvguide-channels.xml) | Window.IsActive(script-tvguide-streamsetup.xml) ">Conditional</animation>
			<visible>!Control.IsVisible(5000)</visible>
		</control>
		<control type="label" id="4003">
			<description>3rd half hour column</description>
			<posx>1118</posx>
			<posy>175</posy>
			<width>270</width>
			<height>49</height>
			<textcolor>B3dddddd</textcolor>
			<font>EPGTimeline</font>
			<aligny>center</aligny>
			<animation effect="fade" start="100" end="90" condition="Window.IsActive(script-tvguide-menu.xml) | Window.IsActive(DialogInfo.xml) | Window.IsActive(script-tvguide-channels.xml) | Window.IsActive(script-tvguide-streamsetup.xml) ">Conditional</animation>
			<visible>!Control.IsVisible(5000)</visible>
		</control>
		<control type="label" id="4004">
			<description>4th half hour column</description>
			<posx>1464</posx>
			<posy>175</posy>
			<width>270</width>
			<height>49</height>
			<textcolor>B3dddddd</textcolor>
			<font>EPGTimeline</font>
			<aligny>center</aligny>
			<animation effect="fade" start="100" end="90" condition="Window.IsActive(script-tvguide-menu.xml) | Window.IsActive(DialogInfo.xml) | Window.IsActive(script-tvguide-channels.xml) | Window.IsActive(script-tvguide-streamsetup.xml) ">Conditional</animation>
			<visible>!Control.IsVisible(5000)</visible>
		</control>
		
		<!-- Channels column -->
		<control type="group">
			<posx>0</posx>
			<posy>60</posy>
			<width>1920</width>
			<height>1080</height>
			<visible>!Control.IsVisible(5000)</visible>
		
			<control type="image">
				<description>Back</description>
				<posy>0</posy>
				<posx>1760</posx>
				<width>100</width>
				<height>100</height>
				<aspectratio align="center" aligny="center">keep</aspectratio>
				<texture>../../Arctic Zephyr/media/loading-back.png</texture>
			</control>
			<control type="image">
				<description>Play</description>
				<posy>0</posy>
				<posx>1760</posx>
				<width>100</width>
				<height>100</height>
				<aspectratio align="center" aligny="center">keep</aspectratio>
				<texture colordiffuse="FFdddddd">../../Arctic Zephyr/media/loading-play.png</texture>
			</control>
			<control type="image" id="4999">
				<description>Progress</description>
				<posy>0</posy>
				<posx>1760</posx>
				<width>100</width>
				<height>100</height>
				<aspectratio align="center" aligny="center">keep</aspectratio>
				<textureslidernib colordiffuse="ff0385b5">../../Arctic Zephyr/media/circle/p,.png</textureslidernib>
			</control>

			<!-- Text labels -->
			<control type="label" id="4010">
				<description>1st channel</description>
				<posx>160</posx>
				<posy>168</posy>
				<width>220</width>
				<height>56</height>
				<textcolor>FFFFFFFF</textcolor>
				<align>center</align>
				<aligny>center</aligny>
				<animation effect="fade" start="100" end="90" condition="Window.IsActive(script-tvguide-menu.xml) | Window.IsActive(DialogInfo.xml) | Window.IsActive(script-tvguide-channels.xml) | Window.IsActive(script-tvguide-streamsetup.xml) ">Conditional</animation>
				<visible>StringCompare(Control.GetLabel(4110),)</visible>
			</control>
			<control type="label" id="4011">
				<description>2nd channel</description>
				<posx>160</posx>
				<posy>223</posy>
				<width>220</width>
				<height>56</height>
				<textcolor>FFFFFFFF</textcolor>
				<align>center</align>
				<aligny>center</aligny>
				<animation effect="fade" start="100" end="90" condition="Window.IsActive(script-tvguide-menu.xml) | Window.IsActive(DialogInfo.xml) | Window.IsActive(script-tvguide-channels.xml) | Window.IsActive(script-tvguide-streamsetup.xml) ">Conditional</animation>
				<visible>StringCompare(Control.GetLabel(4111),)</visible>
			</control>
			<control type="label" id="4012">
				<description>3rd channel</description>
				<posx>160</posx>
				<posy>278</posy>
				<width>220</width>
				<height>56</height>
				<textcolor>FFFFFFFF</textcolor>
				<align>center</align>
				<aligny>center</aligny>
				<animation effect="fade" start="100" end="90" condition="Window.IsActive(script-tvguide-menu.xml) | Window.IsActive(DialogInfo.xml) | Window.IsActive(script-tvguide-channels.xml) | Window.IsActive(script-tvguide-streamsetup.xml) ">Conditional</animation>
				<visible>StringCompare(Control.GetLabel(4112),)</visible>
			</control>
			<control type="label" id="4013">
				<description>4th channel</description>
				<posx>160</posx>
				<posy>333</posy>
				<width>220</width>
				<height>56</height>
				<textcolor>FFFFFFFF</textcolor>
				<align>center</align>
				<aligny>center</aligny>
				<animation effect="fade" start="100" end="90" condition="Window.IsActive(script-tvguide-menu.xml) | Window.IsActive(DialogInfo.xml) | Window.IsActive(script-tvguide-channels.xml) | Window.IsActive(script-tvguide-streamsetup.xml) ">Conditional</animation>
				<visible>StringCompare(Control.GetLabel(4113),)</visible>
			</control>
			<control type="label" id="4014">
				<description>5th channel</description>
				<posx>160</posx>
				<posy>388</posy>
				<width>220</width>
				<height>56</height>
				<textcolor>FFFFFFFF</textcolor>
				<align>center</align>
				<aligny>center</aligny>
				<animation effect="fade" start="100" end="90" condition="Window.IsActive(script-tvguide-menu.xml) | Window.IsActive(DialogInfo.xml) | Window.IsActive(script-tvguide-channels.xml) | Window.IsActive(script-tvguide-streamsetup.xml) ">Conditional</animation>
				<visible>StringCompare(Control.GetLabel(4114),)</visible>
			</control>
			<control type="label" id="4015">
				<description>6th channel</description>
				<posx>160</posx>
				<posy>443</posy>
				<width>220</width>
				<height>56</height>
				<textcolor>FFFFFFFF</textcolor>
				<align>center</align>
				<aligny>center</aligny>
				<animation effect="fade" start="100" end="90" condition="Window.IsActive(script-tvguide-menu.xml) | Window.IsActive(DialogInfo.xml) | Window.IsActive(script-tvguide-channels.xml) | Window.IsActive(script-tvguide-streamsetup.xml) ">Conditional</animation>
				<visible>StringCompare(Control.GetLabel(4115),)</visible>
			</control>
			<control type="label" id="4016">
				<description>7th channel</description>
				<posx>160</posx>
				<posy>498</posy>
				<width>220</width>
				<height>56</height>
				<textcolor>FFFFFFFF</textcolor>
				<align>center</align>
				<aligny>center</aligny>
				<animation effect="fade" start="100" end="90" condition="Window.IsActive(script-tvguide-menu.xml) | Window.IsActive(DialogInfo.xml) | Window.IsActive(script-tvguide-channels.xml) | Window.IsActive(script-tvguide-streamsetup.xml) ">Conditional</animation>
				<visible>StringCompare(Control.GetLabel(4116),)</visible>
			</control>
			<control type="label" id="4017">
				<description>8th channel</description>
				<posx>160</posx>
				<posy>553</posy>
				<width>220</width>
				<height>56</height>
				<textcolor>FFFFFFFF</textcolor>
				<align>center</align>
				<aligny>center</aligny>
				<animation effect="fade" start="100" end="90" condition="Window.IsActive(script-tvguide-menu.xml) | Window.IsActive(DialogInfo.xml) | Window.IsActive(script-tvguide-channels.xml) | Window.IsActive(script-tvguide-streamsetup.xml) ">Conditional</animation>
				<visible>StringCompare(Control.GetLabel(4117),)</visible>
			</control>
			<control type="label" id="4018">
				<description>9th channel</description>
				<posx>160</posx>
				<posy>608</posy>
				<width>220</width>
				<height>56</height>
				<textcolor>FFFFFFFF</textcolor>
				<align>center</align>
				<aligny>center</aligny>
				<animation effect="fade" start="100" end="90" condition="Window.IsActive(script-tvguide-menu.xml) | Window.IsActive(DialogInfo.xml) | Window.IsActive(script-tvguide-channels.xml) | Window.IsActive(script-tvguide-streamsetup.xml) ">Conditional</animation>
				<visible>StringCompare(Control.GetLabel(4118),)</visible>
			</control>
			<control type="label" id="4019">
				<description>10th channel</description>
				<posx>160</posx>
				<posy>678</posy>
				<width>220</width>
				<height>56</height>
				<textcolor>FFFFFFFF</textcolor>
				<align>center</align>
				<aligny>center</aligny>
				<animation effect="fade" start="100" end="90" condition="Window.IsActive(script-tvguide-menu.xml) | Window.IsActive(DialogInfo.xml) | Window.IsActive(script-tvguide-channels.xml) | Window.IsActive(script-tvguide-streamsetup.xml) ">Conditional</animation>
				<visible>StringCompare(Control.GetLabel(4119),)</visible>
			</control>
			<control type="label" id="4020">
				<description>11th channel</description>
				<posx>160</posx>
				<posy>736</posy>
				<width>220</width>
				<height>56</height>
				<textcolor>FFFFFFFF</textcolor>
				<align>center</align>
				<aligny>center</aligny>
				<animation effect="fade" start="100" end="90" condition="Window.IsActive(script-tvguide-menu.xml) | Window.IsActive(DialogInfo.xml) | Window.IsActive(script-tvguide-channels.xml) | Window.IsActive(script-tvguide-streamsetup.xml) ">Conditional</animation>
				<visible>StringCompare(Control.GetLabel(4120),)</visible>
			</control>
			<!-- logo images -->
			<control type="image" id="4110">
				<description>1st channel</description>
				<posx>215</posx>
				<posy>170</posy>
				<width>120</width>
				<height>45</height>
				<aspectratio>keep</aspectratio>
				<animation effect="fade" start="100" end="90" condition="Window.IsActive(script-tvguide-menu.xml) | Window.IsActive(DialogInfo.xml) | Window.IsActive(script-tvguide-channels.xml) | Window.IsActive(script-tvguide-streamsetup.xml) ">Conditional</animation>
				<visible>!StringCompare(Control.GetLabel(4110),)</visible>
			</control>
			<control type="image" id="4111">
				<description>2nd channel</description>
				<posx>215</posx>
				<posy>225</posy>
				<width>120</width>
				<height>45</height>
				<aspectratio>keep</aspectratio>>
				<animation effect="fade" start="100" end="90" condition="Window.IsActive(script-tvguide-menu.xml) | Window.IsActive(DialogInfo.xml) | Window.IsActive(script-tvguide-channels.xml) | Window.IsActive(script-tvguide-streamsetup.xml) ">Conditional</animation>
				<visible>!StringCompare(Control.GetLabel(4111),)</visible>
			</control>
			<control type="image" id="4112">
				<description>3rd channel</description>
				<posx>215</posx>
				<posy>280</posy>
				<width>120</width>
				<height>45</height>
				<aspectratio>keep</aspectratio>
				<animation effect="fade" start="100" end="90" condition="Window.IsActive(script-tvguide-menu.xml) | Window.IsActive(DialogInfo.xml) | Window.IsActive(script-tvguide-channels.xml) | Window.IsActive(script-tvguide-streamsetup.xml) ">Conditional</animation>
				<visible>!StringCompare(Control.GetLabel(4112),)</visible>
			</control>
			<control type="image" id="4113">
				<description>4th channel</description>
				<posx>215</posx>
				<posy>335</posy>
				<width>120</width>
				<height>45</height>
				<aspectratio>keep</aspectratio>
				<animation effect="fade" start="100" end="90" condition="Window.IsActive(script-tvguide-menu.xml) | Window.IsActive(DialogInfo.xml) | Window.IsActive(script-tvguide-channels.xml) | Window.IsActive(script-tvguide-streamsetup.xml) ">Conditional</animation>
				<visible>!StringCompare(Control.GetLabel(4113),)</visible>
			</control>
			<control type="image" id="4114">
				<description>5th channel</description>
				<posx>215</posx>
				<posy>390</posy>
				<width>120</width>
				<height>45</height>
				<aspectratio>keep</aspectratio>
				<animation effect="fade" start="100" end="90" condition="Window.IsActive(script-tvguide-menu.xml) | Window.IsActive(DialogInfo.xml) | Window.IsActive(script-tvguide-channels.xml) | Window.IsActive(script-tvguide-streamsetup.xml) ">Conditional</animation>
				<visible>!StringCompare(Control.GetLabel(4114),)</visible>
			</control>
			<control type="image" id="4115">
				<description>6th channel</description>
				<posx>215</posx>
				<posy>445</posy>
				<width>120</width>
				<height>45</height>
				<aspectratio>keep</aspectratio>
				<animation effect="fade" start="100" end="90" condition="Window.IsActive(script-tvguide-menu.xml) | Window.IsActive(DialogInfo.xml) | Window.IsActive(script-tvguide-channels.xml) | Window.IsActive(script-tvguide-streamsetup.xml) ">Conditional</animation>
				<visible>!StringCompare(Control.GetLabel(4115),)</visible>
			</control>
			<control type="image" id="4116">
				<description>7th channel</description>
				<posx>215</posx>
				<posy>500</posy>
				<width>120</width>
				<height>45</height>
				<aspectratio>keep</aspectratio>
				<animation effect="fade" start="100" end="90" condition="Window.IsActive(script-tvguide-menu.xml) | Window.IsActive(DialogInfo.xml) | Window.IsActive(script-tvguide-channels.xml) | Window.IsActive(script-tvguide-streamsetup.xml) ">Conditional</animation>
				<visible>!StringCompare(Control.GetLabel(4116),)</visible>
			</control>
			<control type="image" id="4117">
				<description>8th channel</description>
				<posx>215</posx>
				<posy>555</posy>
				<width>120</width>
				<height>45</height>
				<aspectratio>keep</aspectratio>
				<animation effect="fade" start="100" end="90" condition="Window.IsActive(script-tvguide-menu.xml) | Window.IsActive(DialogInfo.xml) | Window.IsActive(script-tvguide-channels.xml) | Window.IsActive(script-tvguide-streamsetup.xml) ">Conditional</animation>
				<visible>!StringCompare(Control.GetLabel(4117),)</visible>
			</control>
			<control type="image" id="4118">
				<description>9th channel</description>
				<posx>215</posx>
				<posy>610</posy>
				<width>120</width>
				<height>45</height>
				<aspectratio>keep</aspectratio>
				<animation effect="fade" start="100" end="90" condition="Window.IsActive(script-tvguide-menu.xml) | Window.IsActive(DialogInfo.xml) | Window.IsActive(script-tvguide-channels.xml) | Window.IsActive(script-tvguide-streamsetup.xml) ">Conditional</animation>
				<visible>!StringCompare(Control.GetLabel(4118),)</visible>
			</control>
			<control type="image" id="4119">
				<description>10th channel</description>
				<posx>215</posx>
				<posy>643</posy>
				<width>150</width>
				<height>56</height>
				<aspectratio>keep</aspectratio>
				<animation effect="fade" start="100" end="90" condition="Window.IsActive(script-tvguide-menu.xml) | Window.IsActive(DialogInfo.xml) | Window.IsActive(script-tvguide-channels.xml) | Window.IsActive(script-tvguide-streamsetup.xml) ">Conditional</animation>
				<visible>!StringCompare(Control.GetLabel(4119),)</visible>
			</control>
			<control type="image" id="4120">
				<description>11th channel</description>
				<posx>215</posx>
				<posy>701</posy>
				<width>150</width>
				<height>56</height>
				<aspectratio>keep</aspectratio>
				<animation effect="fade" start="100" end="90" condition="Window.IsActive(script-tvguide-menu.xml) | Window.IsActive(DialogInfo.xml) | Window.IsActive(script-tvguide-channels.xml) | Window.IsActive(script-tvguide-streamsetup.xml) ">Conditional</animation>
				<visible>!StringCompare(Control.GetLabel(4120),)</visible>
			</control>
			<!-- logo buttons -->
			<control type="button" id="9010">
				<description>1st channel</description>
				<posx>215</posx>
				<posy>170</posy>
				<width>120</width>
				<height>45</height>
				<aspectratio>keep</aspectratio>
				<texturefocus>default-select.png</texturefocus>
				<texturenofocus>tvguide-program-grey_logo.png</texturenofocus>
			</control>
			<control type="button" id="9011">
				<description>2nd channel</description>
				<posx>215</posx>
				<posy>225</posy>
				<width>120</width>
				<height>45</height>
				<aspectratio>keep</aspectratio>
				<texturefocus>default-select.png</texturefocus>
				<texturenofocus>tvguide-program-grey_logo.png</texturenofocus>
			</control>
			<control type="button" id="9012">
				<description>3rd channel</description>
				<posx>215</posx>
				<posy>280</posy>
				<width>120</width>
				<height>45</height>
				<aspectratio>keep</aspectratio>
				<texturefocus>default-select.png</texturefocus>
				<texturenofocus>tvguide-program-grey_logo.png</texturenofocus>
			</control>
			<control type="button" id="9013">
				<description>4th channel</description>
				<posx>215</posx>
				<posy>335</posy>
				<width>120</width>
				<height>45</height>
				<aspectratio>keep</aspectratio>
				<texturefocus>default-select.png</texturefocus>
				<texturenofocus>tvguide-program-grey_logo.png</texturenofocus>
			</control>
			<control type="button" id="9014">
				<description>5th channel</description>
				<posx>215</posx>
				<posy>390</posy>
				<width>120</width>
				<height>45</height>
				<aspectratio>keep</aspectratio>
				<texturefocus>default-select.png</texturefocus>
				<texturenofocus>tvguide-program-grey_logo.png</texturenofocus>
			</control>
			<control type="button" id="9015">
				<description>6th channel</description>
				<posx>215</posx>
				<posy>445</posy>
				<width>120</width>
				<height>45</height>
				<aspectratio>keep</aspectratio>
				<texturefocus>default-select.png</texturefocus>
				<texturenofocus>tvguide-program-grey_logo.png</texturenofocus>
			</control>
			<control type="button" id="9016">
				<description>7th channel</description>
				<posx>215</posx>
				<posy>500</posy>
				<width>120</width>
				<height>45</height>
				<aspectratio>keep</aspectratio>
				<texturefocus>default-select.png</texturefocus>
				<texturenofocus>tvguide-program-grey_logo.png</texturenofocus>
			</control>
			<control type="button" id="9017">
				<description>8th channel</description>
				<posx>215</posx>
				<posy>555</posy>
				<width>120</width>
				<height>45</height>
				<aspectratio>keep</aspectratio>
				<texturefocus>default-select.png</texturefocus>
				<texturenofocus>tvguide-program-grey_logo.png</texturenofocus>
			</control>
			<control type="button" id="9018">
				<description>9th channel</description>
				<posx>215</posx>
				<posy>610</posy>
				<width>120</width>
				<height>45</height>
				<aspectratio>keep</aspectratio>
				<texturefocus>default-select.png</texturefocus>
				<texturenofocus>tvguide-program-grey_logo.png</texturenofocus>
			</control>
			<control type="button" id="9019">
				<description>10th channel</description>
				<posx>215</posx>
				<posy>643</posy>
				<width>150</width>
				<height>56</height>
				<aspectratio>keep</aspectratio>
				<texturefocus></texturefocus>
				<texturenofocus></texturenofocus>
			</control>
			<control type="button" id="9020">
				<description>11th channel</description>
				<posx>215</posx>
				<posy>701</posy>
				<width>150</width>
				<height>56</height>
				<aspectratio>keep</aspectratio>
				<texturefocus></texturefocus>
				<texturenofocus></texturenofocus>
			</control>
		</control>
			
			<control type="grouplist">
				<posx>110</posx>
				<posy>722</posy>
				<width>1920</width>
				<height>1080</height>
				<itemgap>15</itemgap>
				<orientation>horizontal</orientation>
				<align>left</align>
				<animation effect="fade" start="100" end="90" condition="Window.IsActive(script-tvguide-menu.xml) | Window.IsActive(DialogInfo.xml) | Window.IsActive(script-tvguide-channels.xml) | Window.IsActive(script-tvguide-streamsetup.xml) ">Conditional</animation>
				<visible>!Control.IsVisible(5000)</visible>
				
			<control type="label" id="4921">
				<description>Program time</description>
				<left>0</left>
				<top>0</top>
				<width min="20" max="300">auto</width>
				<height>64</height>
				<textcolor>ff0385b5</textcolor>
				<font>Small</font>
				<align>left</align>
				<aligny>center</aligny>
				<visible>!Control.IsVisible(5000)</visible>
			</control>
			<control type="label" id="4920">
				<description>Program title</description>
				<left>0</left>
				<top>0</top>
				<width min="20" max="620">auto</width>
				<height>64</height>
				<textcolor>FFdddddd</textcolor>
				<font>Small</font>
				<align>left</align>
				<aligny>center</aligny>
				<visible>!Control.IsVisible(5000)</visible>
			</control>
		</control>
		
			<control type="grouplist">
				<top>79</top>
				<left>970</left>
				<width>1920</width>
				<height>1080</height>
				<itemgap>15</itemgap>
				<orientation>horizontal</orientation>
				<align>left</align>
				<animation effect="fade" start="100" end="90" condition="Window.IsActive(script-tvguide-menu.xml) | Window.IsActive(DialogInfo.xml) | Window.IsActive(script-tvguide-channels.xml) | Window.IsActive(script-tvguide-streamsetup.xml) ">Conditional</animation>
				<visible>!Control.IsVisible(5000)</visible>		
		
			<control type="label">
				 <description>Program title big</description>
				 <top>0</top>
				 <left>0</left>
				 <width min="20" max="780">auto</width>
				 <height>64</height>
				 <textcolor>FFdddddd</textcolor>
				 <font>Medium</font>
				 <align>right</align>
				 <aligny>center</aligny>
				 <visible>!Control.IsVisible(5000)</visible>
				 <label>$INFO[Control.GetLabel(4920)]</label>
			</control>
		</control>
				
			<control type="image" id="4944">
				<description>Live</description>
				<posx>100</posx>
				<posy>933</posy>
				<width>120</width>
				<height>37</height>
				<visible>!Control.IsVisible(5000)</visible>
			</control>
			<control type="image" id="4924">
				<description>Channel logo</description>
				<posx>10000</posx>
				<posy>0</posy>
				<width>0</width>
				<height>0</height>
				<aspectratio>keep</aspectratio>
				<fadetime>100</fadetime>
				<visible>false</visible>
			</control>
			<control type="textbox" id="4922">
				<description>Program description</description>
				<left>110</left>
				<top>770</top>
				<width>1280</width>
				<height>70</height>
				<textcolor>FFFFFFFF</textcolor>
				<font>Tiny</font>
				<wrapmultiline>true</wrapmultiline>
				<autoscroll time="4500" delay="10000" repeat="10000">false</autoscroll>
				<align>left</align>
				<aligny>center</aligny>
				<animation effect="fade" start="100" end="90" condition="Window.IsActive(script-tvguide-menu.xml) | Window.IsActive(DialogInfo.xml) | Window.IsActive(script-tvguide-channels.xml) | Window.IsActive(script-tvguide-streamsetup.xml) ">Conditional</animation>
				<visible>!Control.IsVisible(5000)</visible>
			</control>
			<control type="image" id="4923">
				<description>Program logo / Source logo</description>
				<posx>1645</posx>
				<posy>733</posy>
				<width>180</width>
				<height>110</height>
				<aspectratio>scale</aspectratio>
				<texture>tvguide-logo-epg.png</texture>
				<animation effect="fade" start="100" end="90" condition="Window.IsActive(script-tvguide-menu.xml) | Window.IsActive(DialogInfo.xml) | Window.IsActive(script-tvguide-channels.xml) | Window.IsActive(script-tvguide-streamsetup.xml) ">Conditional</animation>
				<visible>!Control.IsVisible(5000)</visible>
			</control>
		</control>
				
				
			<control type="label" id="4200">
				<description>visibility marker for loading group</description>
			</control>
				
				<control type="group">
					<posx>0</posx>
					<posy>0</posy>
					<width>1920</width>
					<height>1080</height>
					<visible>!Control.IsVisible(4200) | Control.IsVisible(5000)</visible>
					<animation effect="fade" start="100" end="0" time="0" delay="1500">Visible</animation>
					
				<control type="image">
					<description>Splash</description>
					<width>1920</width>
					<top>0</top>
					<height>1080</height>
					<aspectratio aligny="top">scale</aspectratio>
					<texture colordiffuse="ff181818">../../Arctic Zephyr/media/tvguide-background-default.jpg</texture>				
					<!--<colordiffuse>77FFFFFF</colordiffuse>-->
					<visible>!Control.IsVisible(4200)</visible>
				</control>
				<control type="image">
					<width>1920</width>
					<height>1080</height>
					<top>0</top>
					<texture colordiffuse="BF181818">../../Arctic Zephyr/media/dialogs/floor.png</texture>
					<visible>!Control.IsVisible(4200)</visible>
				</control>
				
				<control type="image">
					<width>1920</width>
					<height>16</height>
					<top>0</top>
					<texture flipy="false">../../Arctic Zephyr/media/dialogs/shadow.png</texture>
					<visible>!Control.IsVisible(4200)</visible>
				</control>
				<control type="progress" id="4201">
					<left>10000</left>
					<top>0</top>
					<width>0</width>
					<height>0</height>
					<visible>false</visible>
				</control>
				<control type="label">
					<left>10000</left>
					<top>0</top>
					<width>0</width>
					<height>0</height>
					<label></label>
					<visible>false</visible>
				</control>
				<control type="button" id="4203">
					<posx>10000</posx>
					<posy>0</posy>
					<width>0</width>
					<height>0</height>
					<label></label>
					<texturefocus></texturefocus>
					<texturenofocus></texturenofocus>
					<visible>false</visible>
				</control>
				<control type="image">
					<description>Busy animation</description>
					<left>47%</left>
					<top>42%</top>
					<width>100</width>
					<height>100</height>
					<texture>../../Arctic Zephyr/media/loading-back.png</texture>
					<aspectratio>keep</aspectratio>
					<visible>!Control.IsVisible(4200)</visible>
				</control>
				<control type="image">
					<description>Busy animation</description>
					<left>47%</left>
					<top>42%</top>
					<width>100</width>
					<height>100</height>
					<animation effect="rotate" condition="true" start="0" end="360" loop="true" time="1000" center="auto">Conditional</animation>
					<texture colordiffuse="ff0385b5">../../Arctic Zephyr/media/loading-spinner.png</texture>
					<aspectratio>keep</aspectratio>
					<visible>!Control.IsVisible(4200)</visible>
				</control>
				<control type="label" id="4202">
					<description>Busy label</description>
					<centerleft>50%</centerleft>
					<centertop>53%</centertop>
					<width>720</width>
					<height>108</height>
					<aligny>center</aligny>
					<align>center</align>
					<label>$LOCALIZE[20186]...</label>
					<textcolor>B3dddddd</textcolor>
					<visible>!Control.IsVisible(4200)</visible>
				</control>

				<control type="label" id="4300">
					<description>visibility marker for mouse control group</description>
				</control>
					</control>

				<control type="label" id="6000">
					<description>visibility marker for OSD Info bar</description>
				</control>
				<control type="group">
					<description>OSD Info bar</description>
					<posx>0</posx>
					<posy>500</posy>
					<width>1920</width>
					<height>220</height>
					<visible>!Control.IsVisible(6000)</visible>
					<animation effect="fade" start="0" end="100" time="500">VisibleChange</animation>

				<control type="image">
					<left>90</left>
					<top>650</top>
					<width>509</width>
					<height>258</height>
					<texture border="22">../../Arctic Zephyr/media/dialogs/dialog-bg.png</texture>
				</control>

				<!-- Program description -->
				<control type="label" id="6001">
					<description>Program title</description>
					<posx>570</posx>
					<posy>702</posy>
					<width>430</width>
					<height>50</height>
					<label>18:00 - 20:00</label>
					<textcolor>FFA0A0A0</textcolor>
					<font>font12</font>
					<aligny>center</aligny>
				</control>
				<control type="label" id="6002">
					<description>Program time</description>
					<posx>550</posx>
					<posy>702</posy>
					<width>340</width>
					<height>50</height>
					<label>18:00 - 20:00</label>
					<textcolor>FF0084FF</textcolor>
					<font>font12</font>
					<align>right</align>
					<aligny>center</aligny>
				</control>
				<control type="textbox" id="6003">
					<description>Program description</description>
					<posx>400</posx>
					<posy>746</posy>
					<width>1340</width>
					<height>150</height>
					<textcolor>FFF0F0F0</textcolor>
					<font>font10</font>
					<wrapmultiline>true</wrapmultiline>
					<autoscroll time="4500" delay="10000" repeat="10000">true</autoscroll>
				</control>
				<control type="image" id="6004">
					<description>Program channel logo</description>
					<posx>1100</posx>
					<posy>155</posy>
					<width>160</width>
					<height>45</height>
					<aspectratio>keep</aspectratio>
				</control>
				<control type="label" id="6005">
					<description>Program channel text</description>
					<posx>110</posx>
					<posy>155</posy>
					<width>160</width>
					<height>45</height>
					<textcolor>FFF0F0F0</textcolor>
					<font>font10</font>
					<align>center</align>
					<visible>StringCompare(Control.GetLabel(6004),)</visible>
				</control>
			</control>
	</controls>
</window>