<?xml version="1.0" encoding="utf-8"?>
<window type="dialog">
	<allowoverlay>no</allowoverlay>
	<defaultcontrol always="true">6000</defaultcontrol>
	<coordinates>
		<system>1</system><posx>0</posx><posy>0</posy>
	</coordinates>
	<controls>
		<control type="label" id="6001"><description>visibility marker for selection box</description></control>

		<control type="image">
			<top>0</top>
			<width>1920</width>
            <height>1080</height>
			<texture colordiffuse="ff181818">../../Arctic Zephyr/media/tvguide-background-default.jpg</texture>
			<animation effect="fade" start="100" end="100" time="250" delay="0" tween="cubic" easing="inout">WindowOpen</animation>
			<animation effect="fade" end="0" start="100" time="200" tween="sine" easing="out">WindowClose</animation>
		</control>
		<control type="image">
			<width>1920</width>
			<height>1080</height>
			<top>0</top>
			<texture colordiffuse="BF181818">../../Arctic Zephyr/media/dialogs/floor.png</texture>
			<animation effect="fade" start="100" end="100" time="250" delay="0" tween="cubic" easing="inout">WindowOpen</animation>
			<animation effect="fade" end="0" start="100" time="200" tween="sine" easing="out">WindowClose</animation>
		</control>
		
		<control type="image">
            <width>1920</width>
            <height>16</height>
            <top>0</top>
            <texture flipy="false">../../Arctic Zephyr/media/dialogs/shadow.png</texture>
			<animation effect="fade" start="100" end="100" time="250" delay="0" tween="cubic" easing="inout">WindowOpen</animation>
			<animation effect="fade" end="0" start="100" time="200" tween="sine" easing="out">WindowClose</animation>
		</control>
		
		<control type="image">
			<left>80</left>
			<top>80</top>
			<width>80</width>
			<height>80</height>
			<texture colordiffuse="FF333333" border="16">../../Arctic Zephyr/media/dialogs/pvrinfo.png</texture>
		</control>
		
		<control type="image">
			<left>68</left>
			<top>68</top>
			<width>104</width>
			<height>104</height>
			<texture colordiffuse="FFdddddd">../../Arctic Zephyr/media/dialogs/logo.png</texture>
		</control>
		
		<control type="label">
			<top>86</top>
			<left>184</left>
			<width>1920</width>
			<height>38</height>
			<font>MediumBold</font>
			<textcolor>FFdddddd</textcolor>
			<label>$LOCALIZE[4]</label>
			<animation effect="fade" start="0" end="100" time="250" delay="0" tween="cubic" easing="inout">WindowOpen</animation>
		</control>
		<control type="label">
			<top>130</top>
			<left>185</left>
			<width>1920</width>
			<height>16</height>
			<font>Flag</font>
			<label>[COLOR ff0385b5]MODS-KODI[/COLOR] [COLOR B3dddddd][B]·[/B] EPG[/COLOR] [COLOR B3dddddd][B]·[/B] $ADDON[script.etvguide 30500][/COLOR]</label>
			<animation effect="fade" start="0" end="100" time="250" delay="0" tween="cubic" easing="inout">WindowOpen</animation>
		</control>
		
		<control type="label">
			<top>908</top>
			<height>84</height>
			<centertop>24</centertop>
			<right>130</right>
			<align>right</align>
			<width>50%</width>
			<font>LargeBold</font>
			<textcolor>FFdddddd</textcolor>
			<label>$INFO[System.Time(hh:mm)]</label>
			<animation effect="slide" start="0" end="50" time="0" condition="IsEmpty(System.Time(xx))">Conditional</animation>
		</control>
		<control type="label">
			<top>914</top>
			<height>84</height>
			<centertop>30</centertop>
			<right>80</right>
			<font>SmallBold</font>
			<textcolor>4Ddddddd</textcolor>
			<align>right</align>
			<width>120</width>
			<label>$INFO[System.Time(xx)]</label>
			<visible>!IsEmpty(System.Time(xx))</visible>
		</control>
		<control type="label">
			<top>948</top>
			<height>84</height>
			<centertop>64</centertop>
			<right>80</right>
			<font>Flag</font>
			<textcolor>B3dddddd</textcolor>
			<align>right</align>
			<width>50%</width>
			<label>$INFO[System.Date(DDD)]$COMMA $INFO[System.Date(d MMM yyyy)]</label>
		</control>
		<control type="label">
			<top>988</top>
			<right>80</right>
			<centertop>64</centertop>
			<font>Flag</font>
			<textcolor>4Ddddddd</textcolor>
			<align>right</align>
			<width>50%</width>
			<label>[COLOR=$VAR[ColorHighlight]]$INFO[Weather.Temperature][/COLOR]  $INFO[Weather.Conditions]</label>
		</control>
		
		<control type="button" id="1000">
			<description>Close Window button</description>
			<posx>1245</posx>
			<posy>105</posy>
			<width>96</width>
			<height>48</height>
			<onclick>Dialog.Close(all,true)</onclick>
			<onclick>FullScreen</onclick>
			<texturefocus>DialogCloseButton-focus.png</texturefocus>
			<texturenofocus>DialogCloseButton.png</texturenofocus>
			<animation effect="fade" time="200">VisibleChange</animation>
			<visible>true</visible>
		</control>

		<control type="wraplist" id="6000">
			<posx>320</posx>
			<posy>220</posy>
			<width>620</width>
			<height>560</height>
			<animation effect="slide" start="-1920" end="0" delay="0" time="300" tween="quadratic" easing="out">WindowOpen</animation>
			<animation effect="slide" start="0" end="-1920" time="300" tween="quadratic" easing="in">WindowClose</animation>
			<onright>6004</onright>
			<viewtype label="list">list</viewtype>
			<orientation>vertical</orientation>
			<focusposition>0</focusposition>
			<itemlayout width="520" height="40">
				<control type="image">
					<posx>0</posx>
					<posy>0</posy>
					<width>620</width>
					<height>38</height>
					<texture colordiffuse="b3333333" border="5">../../Arctic Zephyr/media/dialogs/box.png</texture>
				</control>
				<control type="label">
					<posx>16</posx>
					<posy>0</posy>
					<width>450</width>
					<height>38</height>
					<aligny>center</aligny>
					<font>Tiny</font>
					<textcolor>B3dddddd</textcolor>
					<info>ListItem.Label</info>
				</control>
				<control type="image">
					<posx>570</posx>
					<posy>8</posy>
					<width>24</width>
					<height>24</height>
					<colordiffuse>B3dddddd</colordiffuse>
					<info>ListItem.Icon</info>
				</control>
			</itemlayout>
			<focusedlayout width="520" height="40">
				<control type="image">
					<posx>0</posx>
					<posy>0</posy>
					<width>620</width>
					<height>38</height>
					<texture colordiffuse="ff0385b5" border="5">../../Arctic Zephyr/media/dialogs/box.png</texture>
					<visible>Control.IsVisible(6000)</visible>
				</control>
				<control type="label">
					<posx>16</posx>
					<posy>0</posy>
					<width>450</width>
					<height>38</height>
					<aligny>center</aligny>
					<font>Tiny</font>
					<textcolor>FFFFFFFF</textcolor>
					<label>$INFO[ListItem.Label]</label>
				</control>
				<control type="image">
					<posx>570</posx>
					<posy>8</posy>
					<width>24</width>
					<height>24</height>
					<info>ListItem.Icon</info>
				</control>
			</focusedlayout>
		</control>
		
		<control type="group">
			<posx>980</posx>
			<posy>350</posy>
			<width>560</width>
			<height>38</height>
			<visible>!Control.IsVisible(6001)</visible>
			<animation type="Visible">
				<effect type="fade" start="0" end="100" time="250"/>
			</animation>
			<animation type="Hidden">
				<effect type="fade" start="100" end="0" time="250"/>
			</animation>

		<control type="image">
			<posx>12</posx>
			<posy>-130</posy>
			<width>16</width>
			<height>40</height>
			<colordiffuse>FFdddddd</colordiffuse>
			<texture>../../Arctic Zephyr/media/tvguide-channel-updownarrow.png</texture>
		</control>
		<control type="image">
			<posx>40</posx>
			<posy>-130</posy>
			<width>500</width>
			<height>38</height>
		</control>
		<control type="button" id="6002">
			<posx>36</posx>
			<posy>-130</posy>
			<width>620</width>
			<height>38</height>
			<aligny>center</aligny>
			<font>Tiny</font>
			<textcolor>B3dddddd</textcolor>
			<focusedcolor>FFFFFFFF</focusedcolor>
			<texturefocus colordiffuse="ff0385b5" border="5">../../Arctic Zephyr/media/dialogs/box.png</texturefocus>
			<texturenofocus colordiffuse="b3333333" border="5">../../Arctic Zephyr/media/dialogs/box.png</texturenofocus>
		</control>
		<control type="label">
			<posx>0</posx>
			<posy>-70</posy>
			<width>700</width>
			<height>60</height>
			<font>Mini</font>
			<textcolor>B3dddddd</textcolor>
			<align>center</align>
			<label>$ADDON[script.etvguide 30501]</label>
		</control>
	</control>
		
		<control type="image">
			<posx>295</posx>
			<posy>220</posy>
			<width>12</width>
			<height>40</height>
			<colordiffuse>FFdddddd</colordiffuse>
			<texture flipx="true" >../../Arctic Zephyr/media/tvguide-channel-leftarrow.png</texture>
			<animation effect="slide" start="-1920" end="0" delay="0" time="300" tween="quadratic" easing="out">WindowOpen</animation>
			<animation effect="slide" start="0" end="-1920" time="300" tween="quadratic" easing="in">WindowClose</animation>
		</control>

		<control type="button" id="6003">
			<description>Save</description>
			<posx>1580</posx>
			<posy>788</posy>
			<width>260</width>
			<height>68</height>
			<align>center</align>
			<aligny>center</aligny>
			<font>Mini</font>
			<textcolor>B3dddddd</textcolor>
			<focusedcolor>FFFFFFFF</focusedcolor>
			<label>[UPPERCASE]$ADDON[script.etvguide 30502][/UPPERCASE]</label>
			<onleft>6004</onleft>
			<onright>6000</onright>
			<texturefocus colordiffuse="ff0385b5" border="5">../../Arctic Zephyr/media/dialogs/box.png</texturefocus>
			<texturenofocus colordiffuse="b3333333" border="5">../../Arctic Zephyr/media/dialogs/box.png</texturenofocus>
			<animation effect="slide" start="1920" end="0" delay="0" time="300" tween="quadratic" easing="out">WindowOpen</animation>
            <animation effect="slide" start="0" end="1920" time="300" tween="quadratic" easing="in">WindowClose</animation>
		</control>
		<control type="button" id="6004">
			<description>Cancel</description>
			<posx>1304</posx>
			<posy>788</posy>
			<width>260</width>
			<height>68</height>
			<align>center</align>
			<aligny>center</aligny>
			<font>Mini</font>
			<textcolor>B3dddddd</textcolor>
			<focusedcolor>FFFFFFFF</focusedcolor>
			<label>[UPPERCASE]$ADDON[script.etvguide 30503][/UPPERCASE]</label>
			<onleft>6000</onleft>
			<onright>6003</onright>
			<texturefocus colordiffuse="ff0385b5" border="5">../../Arctic Zephyr/media/dialogs/box.png</texturefocus>
			<texturenofocus colordiffuse="b3333333" border="5">../../Arctic Zephyr/media/dialogs/box.png</texturenofocus>
			<animation effect="slide" start="1920" end="0" delay="0" time="300" tween="quadratic" easing="out">WindowOpen</animation>
            <animation effect="slide" start="0" end="1920" time="300" tween="quadratic" easing="in">WindowClose</animation>
		</control>
	</controls>
</window>