<window>
	<defaultcontrol always="false">9001</defaultcontrol>
	<zorder>50</zorder>
	<coordinates>
		<system>1</system><posx>640</posx><posy>225</posy>
	</coordinates>
	<include>dialogeffect</include>
	<controls>
	<ondown>9002</ondown>
		<control type="image">
			<posx>-540</posx>
			<posy>-15</posy>
			<width>1720</width>
			<height>730</height>
			<texture>dialogs/dialog-bg-solid.png</texture>
		</control>
		<control type="image">
			<posx>-190</posx>
			<posy>-5</posy>
			<width>1060</width>
			<height>680</height>
			<texture>dialogs/dialog-bg.png</texture>
		</control>´
		<control type="image">
			<posx>-540</posx>
			<posy>-85</posy>
			<width>1720</width>
			<height>70</height>
			<texture colordiffuse="FF1788AD">dialogs/dialog-bg-key.png</texture>
		</control>
		<control type="label" id="1">
			<description>header label</description>
			<posx>-500</posx>
			<posy>-65</posy>
			<width>555</width>
			<height>30</height>
			<font>font20_title</font>
			<label>$ADDON[script.etvguide 31002] - e-TVGuide [COLOR gold][B]EPG[/B][/COLOR]</label>
			<align>left</align>
			<aligny>center</aligny>
			<textcolor>FFF0F0F0</textcolor>
			<shadowcolor>FF000000</shadowcolor>
		</control>
		<control type="button" id="9001">
			<posx>400</posx>
			<posy>50</posy>
			<width>260</width>
			<height>80</height>
			<align>center</align>
			<aligny>center</aligny>
			<font>font10</font>
			<textcolor>FFF0F0F0</textcolor>
			<label>$ADDON[script.etvguide 31003]</label>
			<onup>9099</onup>
			<ondown>9002</ondown>
			<texturefocus border="40" colordiffuse="FF12B2E7">dialogs/dialogbutton-fo.png</texturefocus>
			<texturenofocus border="40">dialogs/dialogbutton-nofo.png</texturenofocus>
		</control>
		<control type="label" id="8001">
			<posx>45</posx>
			<posy>50</posy>
			<width>260</width>
			<height>80</height>
			<aligny>center</aligny>
			<label>$ADDON[script.etvguide 31009]</label>
			<font>font10</font>
		</control>
		<control type="label" id="7001">
			<posx>280</posx>
			<posy>50</posy>
			<width>260</width>
			<height>80</height>
			<aligny>center</aligny>
			<label>0</label>
			<font>font10_title</font>
			<textcolor>FF11E7B1</textcolor>
		</control>
		<control type="button" id="9002">
			<posx>400</posx>
			<posy>100</posy>
			<width>260</width>
			<height>80</height>
			<align>center</align>
			<aligny>center</aligny>
			<font>font10</font>
			<textcolor>FFF0F0F0</textcolor>
			<label>$ADDON[script.etvguide 31003]</label>
			<onup>9001</onup>
			<ondown>9003</ondown>
			<texturefocus border="40" colordiffuse="FF12B2E7">dialogs/dialogbutton-fo.png</texturefocus>
			<texturenofocus border="40">dialogs/dialogbutton-nofo.png</texturenofocus>
		</control>
		<control type="label" id="8002">
			<posx>45</posx>
			<posy>100</posy>
			<width>260</width>
			<height>80</height>
			<aligny>center</aligny>
			<label>$ADDON[script.etvguide 31008]</label>
			<font>font10</font>
		</control>
		<control type="label" id="7002">
			<posx>280</posx>
			<posy>100</posy>
			<width>260</width>
			<height>80</height>
			<aligny>center</aligny>
			<label>0</label>
			<font>font10_title</font>
			<textcolor>FF11E7B1</textcolor>
		</control>
		<control type="button" id="9003">
			<posx>400</posx>
			<posy>150</posy>
			<width>260</width>
			<height>80</height>
			<align>center</align>
			<aligny>center</aligny>
			<font>font10</font>
			<textcolor>FFF0F0F0</textcolor>
			<label>$ADDON[script.etvguide 31003]</label>
			<onup>9002</onup>
			<ondown>9004</ondown>
			<texturefocus border="40" colordiffuse="FF12B2E7">dialogs/dialogbutton-fo.png</texturefocus>
			<texturenofocus border="40">dialogs/dialogbutton-nofo.png</texturenofocus>
		</control>
		<control type="label" id="8003">
			<posx>45</posx>
			<posy>150</posy>
			<width>260</width>
			<height>80</height>
			<aligny>center</aligny>
			<label>$ADDON[script.etvguide 31007]</label>
			<font>font10</font>
		</control>
		<control type="label" id="7003">
			<posx>280</posx>
			<posy>150</posy>
			<width>260</width>
			<height>80</height>
			<aligny>center</aligny>
			<label>0</label>
			<font>font10_title</font>
			<textcolor>FF11E7B1</textcolor>
		</control>
		<control type="button" id="9004">
			<posx>400</posx>
			<posy>200</posy>
			<width>260</width>
			<height>80</height>
			<align>center</align>
			<aligny>center</aligny>
			<font>font10</font>
			<textcolor>FFF0F0F0</textcolor>
			<label>$ADDON[script.etvguide 31003]</label>
			<onup>9003</onup>
			<ondown>9009</ondown>
			<texturefocus border="40" colordiffuse="FF12B2E7">dialogs/dialogbutton-fo.png</texturefocus>
			<texturenofocus border="40">dialogs/dialogbutton-nofo.png</texturenofocus>
		</control>
		<control type="label" id="8004">
			<posx>45</posx>
			<posy>200</posy>
			<width>260</width>
			<height>80</height>
			<aligny>center</aligny>
			<label>$ADDON[script.etvguide 31006]</label>
			<font>font10</font>
		</control>
		<control type="label" id="7004">
			<posx>280</posx>
			<posy>200</posy>
			<width>260</width>
			<height>80</height>
			<aligny>center</aligny>
			<label>0</label>
			<font>font10_title</font>
			<textcolor>FF11E7B1</textcolor>
		</control>		
		<control type="button" id="9009">
			<posx>400</posx>
			<posy>250</posy>
			<width>260</width>
			<height>80</height>
			<align>center</align>
			<aligny>center</aligny>
			<font>font10</font>
			<textcolor>FFF0F0F0</textcolor>
			<label>$ADDON[script.etvguide 31003]</label>
			<onup>9004</onup>
			<ondown>9010</ondown>
			<texturefocus border="40" colordiffuse="FF12B2E7">dialogs/dialogbutton-fo.png</texturefocus>
			<texturenofocus border="40">dialogs/dialogbutton-nofo.png</texturenofocus>
		</control>
		<control type="label" id="8009">
			<posx>45</posx>
			<posy>250</posy>
			<width>260</width>
			<height>80</height>
			<aligny>center</aligny>
			<label>$ADDON[script.etvguide 31015]</label>
			<font>font10</font>
		</control>
		<control type="label" id="7009">
			<posx>280</posx>
			<posy>250</posy>
			<width>260</width>
			<height>80</height>
			<aligny>center</aligny>
			<label>0</label>
			<font>font10_title</font>
			<textcolor>FF11E7B1</textcolor>
		</control>
		<control type="button" id="9010">
			<posx>400</posx>
			<posy>300</posy>
			<width>260</width>
			<height>80</height>
			<align>center</align>
			<aligny>center</aligny>
			<font>font10</font>
			<textcolor>FFF0F0F0</textcolor>
			<label>$ADDON[script.etvguide 31003]</label>
			<onup>9009</onup>
			<ondown>9005</ondown>
			<texturefocus border="40" colordiffuse="FF12B2E7">dialogs/dialogbutton-fo.png</texturefocus>
			<texturenofocus border="40">dialogs/dialogbutton-nofo.png</texturenofocus>
		</control>
		<control type="label" id="8010">
			<posx>45</posx>
			<posy>300</posy>
			<width>260</width>
			<height>80</height>
			<aligny>center</aligny>
			<label>$ADDON[script.etvguide 31016]</label>
			<font>font10</font>
		</control>
		<control type="label" id="7010">
			<posx>280</posx>
			<posy>300</posy>
			<width>260</width>
			<height>80</height>
			<aligny>center</aligny>
			<label>0</label>
			<font>font10_title</font>
			<textcolor>FF11E7B1</textcolor>
		</control>
		<control type="button" id="9005">
			<posx>400</posx>
			<posy>350</posy>
			<width>260</width>
			<height>80</height>
			<align>center</align>
			<aligny>center</aligny>
			<font>font10</font>
			<textcolor>FFF0F0F0</textcolor>
			<label>$ADDON[script.etvguide 31003]</label>
			<onup>9010</onup>
			<ondown>9006</ondown>
			<texturefocus border="40" colordiffuse="FF12B2E7">dialogs/dialogbutton-fo.png</texturefocus>
			<texturenofocus border="40">dialogs/dialogbutton-nofo.png</texturenofocus>
		</control>
		<control type="label" id="8005">
			<posx>45</posx>
			<posy>350</posy>
			<width>260</width>
			<height>80</height>
			<aligny>center</aligny>
			<label>$ADDON[script.etvguide 31005]</label>
			<font>font10</font>
		</control>
		<control type="label" id="7005">
			<posx>280</posx>
			<posy>350</posy>
			<width>260</width>
			<height>80</height>
			<aligny>center</aligny>
			<label>0</label>
			<font>font10_title</font>
			<textcolor>FF11E7B1</textcolor>
		</control>
		<control type="button" id="9006">
			<posx>400</posx>
			<posy>400</posy>
			<width>260</width>
			<height>80</height>
			<align>center</align>
			<aligny>center</aligny>
			<font>font10</font>
			<textcolor>FFF0F0F0</textcolor>
			<label>$ADDON[script.etvguide 31003]</label>
			<onup>9005</onup>
			<ondown>9007</ondown>
			<texturefocus border="40" colordiffuse="FF12B2E7">dialogs/dialogbutton-fo.png</texturefocus>
			<texturenofocus border="40">dialogs/dialogbutton-nofo.png</texturenofocus>
		</control>
		<control type="label" id="8006">
			<posx>45</posx>
			<posy>385</posy>
			<width>260</width>
			<height>80</height>
			<aligny>center</aligny>
			<label>$ADDON[script.etvguide 31010]</label>
			<font>font10</font>
		</control>
		<control type="label" id="8016">
			<posx>45</posx>
			<posy>415</posy>
			<width>260</width>
			<height>80</height>
			<aligny>center</aligny>
			<label>$ADDON[script.etvguide 31014]</label>
			<font>font10</font>
			<textcolor>40FFFFFF</textcolor>
		</control>
		<control type="label" id="7006">
			<posx>280</posx>
			<posy>400</posy>
			<width>260</width>
			<height>80</height>
			<aligny>center</aligny>
			<label>0</label>
			<font>font10_title</font>
			<textcolor>FF11E7B1</textcolor>
		</control>
		<control type="button" id="9007">
			<posx>400</posx>
			<posy>450</posy>
			<width>260</width>
			<height>80</height>
			<align>center</align>
			<aligny>center</aligny>
			<font>font10</font>
			<textcolor>FFF0F0F0</textcolor>
			<label>$ADDON[script.etvguide 31003]</label>
			<onup>9006</onup>
			<ondown>9008</ondown>
			<texturefocus border="40" colordiffuse="FF12B2E7">dialogs/dialogbutton-fo.png</texturefocus>
			<texturenofocus border="40">dialogs/dialogbutton-nofo.png</texturenofocus>
		</control>
		<control type="label" id="8007">
			<posx>45</posx>
			<posy>450</posy>
			<width>260</width>
			<height>80</height>
			<aligny>center</aligny>
			<label>$ADDON[script.etvguide 31011]</label>
			<font>font10</font>
		</control>
		<control type="label" id="7007">
			<posx>280</posx>
			<posy>450</posy>
			<width>260</width>
			<height>80</height>
			<aligny>center</aligny>
			<label>0</label>
			<font>font10_title</font>
			<textcolor>FF11E7B1</textcolor>
		</control>
		<control type="button" id="9008">
			<posx>400</posx>
			<posy>500</posy>
			<width>260</width>
			<height>80</height>
			<align>center</align>
			<aligny>center</aligny>
			<font>font10</font>
			<textcolor>FFF0F0F0</textcolor>
			<label>$ADDON[script.etvguide 31013]</label>
			<onup>9007</onup>
			<ondown>9099</ondown>
			<texturefocus border="40" colordiffuse="FF12B2E7">dialogs/dialogbutton-fo.png</texturefocus>
			<texturenofocus border="40">dialogs/dialogbutton-nofo.png</texturenofocus>
		</control>
		<control type="label" id="8008">
			<posx>45</posx>
			<posy>500</posy>
			<width>260</width>
			<height>80</height>
			<aligny>center</aligny>
			<label>$ADDON[script.etvguide 31012]</label>
			<font>font10</font>
			<textcolor>FFF0F0F0</textcolor>
		</control>
		<control type="button" id="9099">
			<posx>150</posx>
			<posy>575</posy>
			<width>340</width>
			<height>85</height>
			<align>center</align>
			<aligny>center</aligny>
			<font>font10</font>
			<textcolor>FFF0F0F0</textcolor>
			<label>$ADDON[script.etvguide 31004]</label>
			<onup>9008</onup>
			<ondown>9001</ondown>
			<texturefocus border="40" colordiffuse="FF12B2E7">dialogs/dialogbutton-fo.png</texturefocus>
			<texturenofocus border="40">dialogs/dialogbutton-nofo.png</texturenofocus>
		</control>
		<control type="button" id="9099">
			<posx>1102</posx>
			<posy>-74</posy>
			<width>48</width>
			<height>48</height>
			<texturefocus>dialogs/close.png</texturefocus>
			<texturenofocus>dialogs/logo.png</texturenofocus>
			<onup>9008</onup>
			<ondown>9001</ondown>
			<texturefocus border="40" colordiffuse="FF12B2E7">dialogs/dialogbutton-fo.png</texturefocus>
			<texturenofocus border="40">dialogs/dialogbutton-nofo.png</texturenofocus>
		</control>
	</controls>
</window>