<?xml version="1.0" encoding="utf-8"?>
<window type="dialog">
	<allowoverlay>no</allowoverlay>
	<defaultcontrol always="true">6000</defaultcontrol>
	<coordinates>
		<system>1</system><posx>330</posx><posy>20</posy>
	</coordinates>
	<animation effect="fade" start="0" end="100" time="250">WindowOpen</animation>
	<animation effect="fade" start="100" end="0" time="250">WindowClose</animation>
	<controls>
		<control type="label" id="6001"><description>visibility marker for selection box</description></control>

		<control type="image">
			<top>90</top>
			<left>0</left>
			<width>1365</width>
			<height>852</height>
			<texture border="40">dialogs/dialogback.png</texture>
			<visible>!Control.IsVisible(5000)</visible>
		</control>
		<control type="image">
			<description>Dialog Header image</description>
			<posx>40</posx>
			<posy>106</posy>
			<width>1245</width>
			<height>60</height>
			<texture>dialogs/dialogheader.png</texture>
		</control>
		<control type="label">
			<description>header label</description>
			<posx>40</posx>
			<posy>110</posy>
			<width>1245</width>
			<height>45</height>
			<font>font13_title</font>
			<label>$ADDON[script.etvguide 30500]</label>
			<align>center</align>
			<aligny>center</aligny>
			<textcolor>FFEB9E17</textcolor>
			<shadowcolor>black</shadowcolor>
		</control>
		<control type="button" id="1000">
			<description>Close Window button</description>
			<posx>1245</posx>
			<posy>105</posy>
			<width>96</width>
			<height>48</height>
			<onclick>Dialog.Close(all,true)</onclick>
			<onclick>FullScreen</onclick>
			<texturefocus>DialogCloseButton-focus.png</texturefocus>
			<texturenofocus>DialogCloseButton.png</texturenofocus>
			<animation effect="fade" time="200">VisibleChange</animation>
			<visible>true</visible>
		</control>

		<control type="group">
			<posx>90</posx>
			<posy>350</posy>
			<width>560</width>
			<height>38</height>
			<visible>!Control.IsVisible(6001)</visible>
			<animation type="Visible">
				<effect type="slide" start="0,0" end="560,0" time="500"/>
			</animation>
			<animation type="Hidden">
				<effect type="slide" start="560,0" end="0,0" time="500"/>
			</animation>

			<control type="image">
				<posx>12</posx>
				<posy>-130</posy>
				<width>16</width>
				<height>40</height>
				<texture>tvguide-channel-updownarrow.png</texture>
			</control>
			<control type="image">
				<posx>40</posx>
				<posy>-130</posy>
				<width>500</width>
				<height>38</height>
			</control>
			<control type="button" id="6002">
				<posx>36</posx>
				<posy>-130</posy>
				<width>600</width>
				<height>38</height>
				<aligny>center</aligny>
				<font>font13</font>
				<textcolor>white</textcolor>
				<label>text</label>
				<texturefocus colordiffuse="FF0084FF">tvguide-program-grey-focus.png</texturefocus>
				<texturenofocus>tvguide-program-grey.png</texturenofocus>
			</control>
			<control type="label">
				<posx>36</posx>
				<posy>-80</posy>
				<width>700</width>
				<height>60</height>
				<font>font12</font>
				<textcolor>white</textcolor>
				<label>$ADDON[script.etvguide 30501]</label>
			</control>
		</control>

		<control type="wraplist" id="6000">
			<posx>60</posx>
			<posy>220</posy>
			<width>520</width>
			<height>560</height>
			<onleft>6003</onleft>
			<onright>6002</onright>
			<viewtype label="list">list</viewtype>
			<orientation>vertical</orientation>
			<focusposition>0</focusposition>
			<itemlayout width="520" height="40">
				<control type="image">
					<posx>0</posx>
					<posy>0</posy>
					<width>520</width>
					<height>38</height>
					<texture>tvguide-program-grey.png</texture>
				</control>
				<control type="label">
					<posx>16</posx>
					<posy>0</posy>
					<width>450</width>
					<height>38</height>
					<aligny>center</aligny>
					<font>font13</font>
					<textcolor>white</textcolor>
					<info>ListItem.Label</info>
				</control>
				<control type="image">
					<posx>470</posx>
					<posy>0</posy>
					<width>40</width>
					<height>40</height>
					<info>ListItem.Icon</info>
				</control>
			</itemlayout>
			<focusedlayout width="520" height="40">
				<control type="image">
					<posx>0</posx>
					<posy>0</posy>
					<width>520</width>
					<height>38</height>
					<texture colordiffuse="FF0084FF">tvguide-program-grey-focus.png</texture>
					<visible>Control.HasFocus(6000)</visible>
				</control>
				<control type="image">
					<posx>8</posx>
					<posy>0</posy>
					<width>12</width>
					<height>40</height>
					<texture flipx="true" >tvguide-channel-leftarrow.png</texture>
				</control>
				<control type="label">
					<posx>16</posx>
					<posy>0</posy>
					<width>450</width>
					<height>38</height>
					<aligny>center</aligny>
					<font>font13</font>
					<textcolor>white</textcolor>
					<label>[B]$INFO[ListItem.Label][/B]</label>
				</control>
				<control type="image">
					<posx>470</posx>
					<posy>0</posy>
					<width>40</width>
					<height>40</height>
					<info>ListItem.Icon</info>
				</control>
			</focusedlayout>
		</control>

		<control type="button" id="6003">
			<posx>870</posx>
			<posy>825</posy>
			<width>240</width>
			<height>100</height>
			<align>center</align>
			<aligny>center</aligny>
			<font>font13</font>
			<textcolor>white</textcolor>
			<label>$ADDON[script.etvguide 30502]</label>
			<onleft>6000</onleft>
			<onright>6004</onright>
			<texturefocus border="40">dialogs/dialogbutton-fo.png</texturefocus>
			<texturenofocus border="40">dialogs/dialogbutton-nofo.png</texturenofocus>
		</control>
		<control type="button" id="6004">
			<posx>1080</posx>
			<posy>825</posy>
			<width>240</width>
			<height>100</height>
			<align>center</align>
			<aligny>center</aligny>
			<font>font13</font>
			<textcolor>white</textcolor>
			<label>$ADDON[script.etvguide 30503]</label>
			<onleft>6003</onleft>
			<onright>6000</onright>
			<texturefocus border="40">dialogs/dialogbutton-fo.png</texturefocus>
			<texturenofocus border="40">dialogs/dialogbutton-nofo.png</texturenofocus>
		</control>
	</controls>
</window>