<window>
	<defaultcontrol always="false">9001</defaultcontrol>
	<zorder>50</zorder>
	<coordinates>
		<system>1</system><posx>335</posx><posy>200</posy>
	</coordinates>
	<include>dialogeffect</include>
	<controls>
	<ondown>9002</ondown>
		<control type="image">
			<posx>0</posx>
			<posy>0</posy>
			<width>600</width>
			<height>430</height>
			<texture border="40">DialogBack.png</texture>
		</control>
		<control type="image">
			<description>Dialog Header image</description>
			<posx>40</posx>
			<posy>16</posy>
			<width>530</width>
			<height>40</height>
			<texture>dialogheader.png</texture>
		</control>
		<control type="label" id="1">
			<description>header label</description>
			<posx>40</posx>
			<posy>20</posy>
			<width>530</width>
			<height>30</height>
			<font>font13_title</font>
			<label>$ADDON[script.etvguide 31002]</label>
			<align>center</align>
			<aligny>center</aligny>
			<textcolor>selected</textcolor>
			<shadowcolor>black</shadowcolor>
		</control>

		<control type="button" id="9001">
			<posx>400</posx>
			<posy>100</posy>
			<width>170</width>
			<height>40</height>
			<align>center</align>
			<aligny>center</aligny>
			<font>font13</font>
			<textcolor>ffffffff</textcolor>
			<label>$ADDON[script.etvguide 31003]</label>
			<onup>9099</onup>
			<ondown>9002</ondown>
		</control>
		<control type="label" id="8001">
			<posx>50</posx>
			<posy>100</posy>
			<width>550</width>
			<height>30</height>
			<aligny>center</aligny>
			<label>$ADDON[script.etvguide 31009]</label>
			<font>font13</font>
		</control>
		<control type="label" id="7001">
			<posx>250</posx>
			<posy>100</posy>
			<width>100</width>
			<height>30</height>
			<aligny>center</aligny>
			<label>0</label>
			<font>font13</font>
		</control>

		<control type="button" id="9002">
			<posx>400</posx>
			<posy>150</posy>
			<width>170</width>
			<height>40</height>
			<align>center</align>
			<aligny>center</aligny>
			<font>font13</font>
			<textcolor>ffffffff</textcolor>
			<label>$ADDON[script.etvguide 31003]</label>
			<onup>9001</onup>
			<ondown>9003</ondown>
		</control>
		<control type="label" id="8002">
			<posx>50</posx>
			<posy>150</posy>
			<width>550</width>
			<height>30</height>
			<aligny>center</aligny>
			<label>$ADDON[script.etvguide 31008]</label>
			<font>font13</font>
		</control>
		<control type="label" id="7002">
			<posx>250</posx>
			<posy>150</posy>
			<width>100</width>
			<height>30</height>
			<aligny>center</aligny>
			<label>0</label>
			<font>font13</font>
		</control>

		<control type="button" id="9003">
			<posx>400</posx>
			<posy>200</posy>
			<width>170</width>
			<height>40</height>
			<align>center</align>
			<aligny>center</aligny>
			<font>font13</font>
			<textcolor>ffffffff</textcolor>
			<label>$ADDON[script.etvguide 31003]</label>
			<onup>9002</onup>
			<ondown>9004</ondown>
		</control>
		<control type="label" id="8003">
			<posx>50</posx>
			<posy>200</posy>
			<width>550</width>
			<height>30</height>
			<aligny>center</aligny>
			<label>$ADDON[script.etvguide 31007]</label>
			<font>font13</font>
		</control>
		<control type="label" id="7003">
			<posx>250</posx>
			<posy>200</posy>
			<width>100</width>
			<height>30</height>
			<aligny>center</aligny>
			<label>0</label>
			<font>font13</font>
		</control>

		<control type="button" id="9004">
			<posx>400</posx>
			<posy>250</posy>
			<width>170</width>
			<height>40</height>
			<align>center</align>
			<aligny>center</aligny>
			<font>font13</font>
			<textcolor>ffffffff</textcolor>
			<label>$ADDON[script.etvguide 31003]</label>
			<onup>9003</onup>
			<ondown>9005</ondown>
		</control>
		<control type="label" id="8004">
			<posx>50</posx>
			<posy>250</posy>
			<width>550</width>
			<height>30</height>
			<aligny>center</aligny>
			<label>$ADDON[script.etvguide 31006]</label>
			<font>font13</font>
		</control>
		<control type="label" id="7004">
			<posx>250</posx>
			<posy>250</posy>
			<width>100</width>
			<height>30</height>
			<aligny>center</aligny>
			<label>0</label>
			<font>font13</font>
		</control>

		<control type="button" id="9005">
			<posx>400</posx>
			<posy>300</posy>
			<width>170</width>
			<height>40</height>
			<align>center</align>
			<aligny>center</aligny>
			<font>font13</font>
			<textcolor>ffffffff</textcolor>
			<label>$ADDON[script.etvguide 31003]</label>
			<onup>9004</onup>
			<ondown>9099</ondown>
		</control>
		<control type="label" id="8005">
			<posx>50</posx>
			<posy>300</posy>
			<width>550</width>
			<height>30</height>
			<aligny>center</aligny>
			<label>$ADDON[script.etvguide 31005]</label>
			<font>font13</font>
		</control>
		<control type="label" id="7005">
			<posx>250</posx>
			<posy>300</posy>
			<width>100</width>
			<height>30</height>
			<aligny>center</aligny>
			<label>0</label>
			<font>font13</font>
		</control>

		<control type="button" id="9099">
			<posx>200</posx>
			<posy>350</posy>
			<width>170</width>
			<height>40</height>
			<align>center</align>
			<aligny>center</aligny>
			<font>font13</font>
			<textcolor>ffffffff</textcolor>
			<label>$ADDON[script.etvguide 31004]</label>
			<onup>9005</onup>
			<ondown>9001</ondown>
		</control>
	</controls>
</window>